feature_index,feature_name
0,feature_0
1,feature_1
2,feature_2
3,feature_3
4,feature_4
5,feature_5
6,feature_6
7,feature_7
8,feature_8
9,feature_9
10,feature_10
11,feature_11
12,feature_12
13,feature_13
14,feature_14
15,feature_15
16,feature_16
17,feature_17
18,feature_18
19,feature_19
20,feature_20
21,feature_21
22,feature_22
23,feature_23
24,feature_24
25,feature_25
26,feature_26
27,feature_27
28,feature_28
29,feature_29
30,feature_30
31,feature_31
32,feature_32
33,feature_33
34,feature_34
35,feature_35
36,feature_36
37,feature_37
38,feature_38
39,feature_39
40,feature_40
41,feature_41
42,feature_42
43,feature_43
44,feature_44
45,feature_45
46,feature_46
47,feature_47
48,feature_48
49,feature_49
50,feature_50
51,feature_51
52,feature_52
53,feature_53
54,feature_54
55,feature_55
56,feature_56
57,feature_57
58,feature_58
59,feature_59
60,feature_60
61,feature_61
62,feature_62
63,feature_63
64,feature_64
65,feature_65
66,feature_66
67,feature_67
68,feature_68
69,feature_69
70,feature_70
71,feature_71
72,feature_72
73,feature_73
74,feature_74
75,feature_75
76,feature_76
77,feature_77
78,feature_78
79,feature_79
80,feature_80
81,feature_81
82,feature_82
83,feature_83
84,feature_84
85,feature_85
86,feature_86
87,feature_87
88,feature_88
89,feature_89
90,feature_90
91,feature_91
92,feature_92
93,feature_93
94,feature_94
95,feature_95
96,feature_96
97,feature_97
98,feature_98
99,feature_99
100,feature_100
101,feature_101
102,feature_102
103,feature_103
104,feature_104
105,feature_105
106,feature_106
107,feature_107
108,feature_108
109,feature_109
110,feature_110
111,feature_111
112,feature_112
113,feature_113
114,feature_114
115,feature_115
116,feature_116
117,feature_117
118,feature_118
119,feature_119
120,feature_120
121,feature_121
122,feature_122
123,feature_123
124,feature_124
125,feature_125
126,feature_126
127,feature_127
128,feature_128
129,feature_129
130,feature_130
131,feature_131
132,feature_132
133,feature_133
134,feature_134
135,feature_135
136,feature_136
137,feature_137
138,feature_138
139,feature_139
140,feature_140
141,feature_141
142,feature_142
143,feature_143
144,feature_144
145,feature_145
146,feature_146
147,feature_147
148,feature_148
149,feature_149
150,feature_150
151,feature_151
152,feature_152
153,feature_153
154,feature_154
155,feature_155
156,feature_156
157,feature_157
158,feature_158
159,feature_159
160,feature_160
161,feature_161
162,feature_162
163,feature_163
164,feature_164
165,feature_165
166,feature_166
167,feature_167
168,feature_168
169,feature_169
170,feature_170
171,feature_171
172,feature_172
173,feature_173
174,feature_174
175,feature_175
176,feature_176
177,feature_177
178,feature_178
179,feature_179
180,feature_180
181,feature_181
182,feature_182
183,feature_183
184,feature_184
185,feature_185
186,feature_186
187,feature_187
188,feature_188
189,feature_189
190,feature_190
191,feature_191
192,feature_192
193,feature_193
194,feature_194
195,feature_195
196,feature_196
197,feature_197
198,feature_198
199,feature_199
200,feature_200
201,feature_201
202,feature_202
203,feature_203
204,feature_204
205,feature_205
206,feature_206
207,feature_207
208,feature_208
209,feature_209
210,feature_210
211,feature_211
212,feature_212
213,feature_213
214,feature_214
215,feature_215
216,feature_216
217,feature_217
218,feature_218
219,feature_219
220,feature_220
221,feature_221
222,feature_222
223,feature_223
224,feature_224
225,feature_225
226,feature_226
227,feature_227
228,feature_228
229,feature_229
230,feature_230
231,feature_231
232,feature_232
233,feature_233
234,feature_234
235,feature_235
236,feature_236
237,feature_237
238,feature_238
239,feature_239
240,feature_240
241,feature_241
242,feature_242
243,feature_243
244,feature_244
245,feature_245
246,feature_246
247,feature_247
248,feature_248
249,feature_249
250,feature_250
251,feature_251
252,feature_252
253,feature_253
254,feature_254
255,feature_255
256,feature_256
257,feature_257
258,feature_258
259,feature_259
260,feature_260
261,feature_261
262,feature_262
263,feature_263
264,feature_264
265,feature_265
266,feature_266
267,feature_267
268,feature_268
269,feature_269
270,feature_270
271,feature_271
272,feature_272
273,feature_273
274,feature_274
275,feature_275
276,feature_276
277,feature_277
278,feature_278
279,feature_279
280,feature_280
281,feature_281
282,feature_282
283,feature_283
284,feature_284
285,feature_285
286,feature_286
287,feature_287
288,feature_288
289,feature_289
290,feature_290
291,feature_291
292,feature_292
293,feature_293
294,feature_294
295,feature_295
296,feature_296
297,feature_297
298,feature_298
299,feature_299
300,feature_300
301,feature_301
302,feature_302
303,feature_303
304,feature_304
305,feature_305
306,feature_306
307,feature_307
308,feature_308
309,feature_309
310,feature_310
311,feature_311
312,feature_312
313,feature_313
314,feature_314
315,feature_315
316,feature_316
317,feature_317
318,feature_318
319,feature_319
320,feature_320
321,feature_321
322,feature_322
323,feature_323
324,feature_324
325,feature_325
326,feature_326
327,feature_327
328,feature_328
329,feature_329
330,feature_330
331,feature_331
332,feature_332
333,feature_333
334,feature_334
335,feature_335
336,feature_336
337,feature_337
338,feature_338
339,feature_339
340,feature_340
341,feature_341
342,feature_342
343,feature_343
344,feature_344
345,feature_345
346,feature_346
347,feature_347
348,feature_348
349,feature_349
350,feature_350
351,feature_351
352,feature_352
353,feature_353
354,feature_354
355,feature_355
356,feature_356
357,feature_357
358,feature_358
359,feature_359
360,feature_360
361,feature_361
362,feature_362
363,feature_363
364,feature_364
365,feature_365
366,feature_366
367,feature_367
368,feature_368
369,feature_369
370,feature_370
371,feature_371
372,feature_372
373,feature_373
374,feature_374
375,feature_375
376,feature_376
377,feature_377
378,feature_378
379,feature_379
380,feature_380
381,feature_381
382,feature_382
383,feature_383
384,feature_384
385,feature_385
386,feature_386
387,feature_387
388,feature_388
389,feature_389
390,feature_390
391,feature_391
392,feature_392
393,feature_393
394,feature_394
395,feature_395
396,feature_396
397,feature_397
398,feature_398
399,feature_399
400,feature_400
401,feature_401
402,feature_402
403,feature_403
404,feature_404
405,feature_405
406,feature_406
407,feature_407
408,feature_408
409,feature_409
410,feature_410
411,feature_411
412,feature_412
413,feature_413
414,feature_414
415,feature_415
416,feature_416
417,feature_417
418,feature_418
419,feature_419
420,feature_420
421,feature_421
422,feature_422
423,feature_423
424,feature_424
425,feature_425
426,feature_426
427,feature_427
428,feature_428
429,feature_429
430,feature_430
431,feature_431
432,feature_432
433,feature_433
434,feature_434
435,feature_435
436,feature_436
437,feature_437
438,feature_438
439,feature_439
440,feature_440
441,feature_441
442,feature_442
443,feature_443
444,feature_444
445,feature_445
446,feature_446
447,feature_447
448,feature_448
449,feature_449
450,feature_450
451,feature_451
452,feature_452
453,feature_453
454,feature_454
455,feature_455
456,feature_456
457,feature_457
458,feature_458
459,feature_459
460,feature_460
461,feature_461
462,feature_462
463,feature_463
464,feature_464
465,feature_465
466,feature_466
467,feature_467
468,feature_468
469,feature_469
470,feature_470
471,feature_471
472,feature_472
473,feature_473
474,feature_474
475,feature_475
476,feature_476
477,feature_477
478,feature_478
479,feature_479
480,feature_480
481,feature_481
482,feature_482
483,feature_483
484,feature_484
485,feature_485
486,feature_486
487,feature_487
488,feature_488
489,feature_489
490,feature_490
491,feature_491
492,feature_492
493,feature_493
494,feature_494
495,feature_495
496,feature_496
497,feature_497
498,feature_498
499,feature_499
500,feature_500
501,feature_501
502,feature_502
503,feature_503
504,feature_504
505,feature_505
506,feature_506
507,feature_507
508,feature_508
509,feature_509
510,feature_510
511,feature_511
512,feature_512
513,feature_513
514,feature_514
515,feature_515
516,feature_516
517,feature_517
518,feature_518
519,feature_519
520,feature_520
521,feature_521
522,feature_522
523,feature_523
524,feature_524
525,feature_525
526,feature_526
527,feature_527
528,feature_528
529,feature_529
530,feature_530
531,feature_531
532,feature_532
533,feature_533
534,feature_534
535,feature_535
536,feature_536
537,feature_537
538,feature_538
539,feature_539
540,feature_540
541,feature_541
542,feature_542
543,feature_543
544,feature_544
545,feature_545
546,feature_546
547,feature_547
548,feature_548
549,feature_549
550,feature_550
551,feature_551
552,feature_552
553,feature_553
554,feature_554
555,feature_555
556,feature_556
557,feature_557
558,feature_558
559,feature_559
560,feature_560
561,feature_561
562,feature_562
563,feature_563
564,feature_564
565,feature_565
566,feature_566
567,feature_567
568,feature_568
569,feature_569
570,feature_570
571,feature_571
572,feature_572
573,feature_573
574,feature_574
575,feature_575
576,feature_576
577,feature_577
578,feature_578
579,feature_579
580,feature_580
581,feature_581
582,feature_582
583,feature_583
584,feature_584
585,feature_585
586,feature_586
587,feature_587
588,feature_588
589,feature_589
590,feature_590
591,feature_591
592,feature_592
593,feature_593
594,feature_594
595,feature_595
596,feature_596
597,feature_597
598,feature_598
599,feature_599
600,feature_600
601,feature_601
602,feature_602
603,feature_603
604,feature_604
605,feature_605
606,feature_606
607,feature_607
608,feature_608
609,feature_609
610,feature_610
611,feature_611
612,feature_612
613,feature_613
614,feature_614
615,feature_615
616,feature_616
617,feature_617
618,feature_618
619,feature_619
620,feature_620
621,feature_621
622,feature_622
623,feature_623
624,feature_624
625,feature_625
626,feature_626
627,feature_627
628,feature_628
629,feature_629
630,feature_630
631,feature_631
632,feature_632
633,feature_633
634,feature_634
635,feature_635
636,feature_636
637,feature_637
638,feature_638
639,feature_639
640,feature_640
641,feature_641
642,feature_642
643,feature_643
644,feature_644
645,feature_645
646,feature_646
647,feature_647
648,feature_648
649,feature_649
650,feature_650
651,feature_651
652,feature_652
653,feature_653
654,feature_654
655,feature_655
656,feature_656
657,feature_657
658,feature_658
659,feature_659
660,feature_660
661,feature_661
662,feature_662
663,feature_663
664,feature_664
665,feature_665
666,feature_666
667,feature_667
668,feature_668
669,feature_669
670,feature_670
671,feature_671
672,feature_672
673,feature_673
674,feature_674
675,feature_675
676,feature_676
677,feature_677
678,feature_678
679,feature_679
680,feature_680
681,feature_681
682,feature_682
683,feature_683
684,feature_684
685,feature_685
686,feature_686
687,feature_687
688,feature_688
689,feature_689
690,feature_690
691,feature_691
692,feature_692
693,feature_693
694,feature_694
695,feature_695
696,feature_696
697,feature_697
698,feature_698
699,feature_699
700,feature_700
701,feature_701
702,feature_702
703,feature_703
704,feature_704
705,feature_705
706,feature_706
707,feature_707
708,feature_708
709,feature_709
710,feature_710
711,feature_711
712,feature_712
713,feature_713
714,feature_714
715,feature_715
716,feature_716
717,feature_717
718,feature_718
719,feature_719
720,feature_720
721,feature_721
722,feature_722
723,feature_723
724,feature_724
725,feature_725
726,feature_726
727,feature_727
728,feature_728
729,feature_729
730,feature_730
731,feature_731
732,feature_732
733,feature_733
734,feature_734
735,feature_735
736,feature_736
737,feature_737
738,feature_738
739,feature_739
740,feature_740
741,feature_741
742,feature_742
743,feature_743
744,feature_744
745,feature_745
746,feature_746
747,feature_747
748,feature_748
749,feature_749
750,feature_750
751,feature_751
752,feature_752
753,feature_753
754,feature_754
755,feature_755
756,feature_756
757,feature_757
758,feature_758
759,feature_759
760,feature_760
761,feature_761
762,feature_762
763,feature_763
764,feature_764
765,feature_765
766,feature_766
767,feature_767
768,feature_768
769,feature_769
770,feature_770
771,feature_771
772,feature_772
773,feature_773
774,feature_774
775,feature_775
776,feature_776
777,feature_777
778,feature_778
779,feature_779
780,feature_780
781,feature_781
782,feature_782
783,feature_783
784,feature_784
785,feature_785
786,feature_786
787,feature_787
788,feature_788
789,feature_789
790,feature_790
791,feature_791
792,feature_792
793,feature_793
794,feature_794
795,feature_795
796,feature_796
797,feature_797
798,feature_798
799,feature_799
800,feature_800
801,feature_801
802,feature_802
803,feature_803
804,feature_804
805,feature_805
806,feature_806
807,feature_807
808,feature_808
809,feature_809
810,feature_810
811,feature_811
812,feature_812
813,feature_813
814,feature_814
815,feature_815
816,feature_816
817,feature_817
818,feature_818
819,feature_819
820,feature_820
821,feature_821
822,feature_822
823,feature_823
824,feature_824
825,feature_825
826,feature_826
827,feature_827
828,feature_828
829,feature_829
830,feature_830
831,feature_831
832,feature_832
833,feature_833
834,feature_834
835,feature_835
836,feature_836
837,feature_837
838,feature_838
839,feature_839
840,feature_840
841,feature_841
842,feature_842
843,feature_843
844,feature_844
845,feature_845
846,feature_846
847,feature_847
848,feature_848
849,feature_849
850,feature_850
851,feature_851
852,feature_852
853,feature_853
854,feature_854
855,feature_855
856,feature_856
857,feature_857
858,feature_858
859,feature_859
860,feature_860
861,feature_861
862,feature_862
863,feature_863
864,feature_864
865,feature_865
866,feature_866
867,feature_867
868,feature_868
869,feature_869
870,feature_870
871,feature_871
872,feature_872
873,feature_873
874,feature_874
875,feature_875
876,feature_876
877,feature_877
878,feature_878
879,feature_879
880,feature_880
881,feature_881
882,feature_882
883,feature_883
884,feature_884
885,feature_885
886,feature_886
887,feature_887
888,feature_888
889,feature_889
890,feature_890
891,feature_891
892,feature_892
893,feature_893
894,feature_894
895,feature_895
896,feature_896
897,feature_897
898,feature_898
899,feature_899
900,feature_900
901,feature_901
902,feature_902
903,feature_903
904,feature_904
905,feature_905
906,feature_906
907,feature_907
908,feature_908
909,feature_909
910,feature_910
911,feature_911
912,feature_912
913,feature_913
914,feature_914
915,feature_915
916,feature_916
917,feature_917
918,feature_918
919,feature_919
920,feature_920
921,feature_921
922,feature_922
923,feature_923
924,feature_924
925,feature_925
926,feature_926
927,feature_927
928,feature_928
929,feature_929
930,feature_930
931,feature_931
932,feature_932
933,feature_933
934,feature_934
935,feature_935
936,feature_936
937,feature_937
938,feature_938
939,feature_939
940,feature_940
941,feature_941
942,feature_942
943,feature_943
944,feature_944
945,feature_945
946,feature_946
947,feature_947
948,feature_948
949,feature_949
950,feature_950
951,feature_951
952,feature_952
953,feature_953
954,feature_954
955,feature_955
956,feature_956
957,feature_957
958,feature_958
959,feature_959
960,feature_960
961,feature_961
962,feature_962
963,feature_963
964,feature_964
965,feature_965
966,feature_966
967,feature_967
968,feature_968
969,feature_969
970,feature_970
971,feature_971
972,feature_972
973,feature_973
974,feature_974
975,feature_975
976,feature_976
977,feature_977
978,feature_978
979,feature_979
980,feature_980
981,feature_981
982,feature_982
983,feature_983
984,feature_984
985,feature_985
986,feature_986
987,feature_987
988,feature_988
989,feature_989
990,feature_990
991,feature_991
992,feature_992
993,feature_993
994,feature_994
995,feature_995
996,feature_996
997,feature_997
998,feature_998
999,feature_999
1000,feature_1000
1001,feature_1001
1002,feature_1002
1003,feature_1003
1004,feature_1004
1005,feature_1005
1006,feature_1006
1007,feature_1007
1008,feature_1008
1009,feature_1009
1010,feature_1010
1011,feature_1011
1012,feature_1012
1013,feature_1013
1014,feature_1014
1015,feature_1015
1016,feature_1016
1017,feature_1017
1018,feature_1018
1019,feature_1019
1020,feature_1020
1021,feature_1021
1022,feature_1022
1023,feature_1023
1024,feature_1024
1025,feature_1025
1026,feature_1026
1027,feature_1027
1028,feature_1028
1029,feature_1029
1030,feature_1030
1031,feature_1031
1032,feature_1032
1033,feature_1033
1034,feature_1034
1035,feature_1035
1036,feature_1036
1037,feature_1037
1038,feature_1038
1039,feature_1039
1040,feature_1040
1041,feature_1041
1042,feature_1042
1043,feature_1043
1044,feature_1044
1045,feature_1045
1046,feature_1046
1047,feature_1047
1048,feature_1048
1049,feature_1049
1050,feature_1050
1051,feature_1051
1052,feature_1052
1053,feature_1053
1054,feature_1054
1055,feature_1055
1056,feature_1056
1057,feature_1057
1058,feature_1058
1059,feature_1059
1060,feature_1060
1061,feature_1061
1062,feature_1062
1063,feature_1063
1064,feature_1064
1065,feature_1065
1066,feature_1066
1067,feature_1067
1068,feature_1068
1069,feature_1069
1070,feature_1070
1071,feature_1071
1072,feature_1072
1073,feature_1073
1074,feature_1074
1075,feature_1075
1076,feature_1076
1077,feature_1077
1078,feature_1078
1079,feature_1079
1080,feature_1080
1081,feature_1081
1082,feature_1082
1083,feature_1083
1084,feature_1084
1085,feature_1085
1086,feature_1086
1087,feature_1087
1088,feature_1088
1089,feature_1089
1090,feature_1090
1091,feature_1091
1092,feature_1092
1093,feature_1093
1094,feature_1094
1095,feature_1095
1096,feature_1096
1097,feature_1097
1098,feature_1098
1099,feature_1099
1100,feature_1100
1101,feature_1101
1102,feature_1102
1103,feature_1103
1104,feature_1104
1105,feature_1105
1106,feature_1106
1107,feature_1107
1108,feature_1108
1109,feature_1109
1110,feature_1110
1111,feature_1111
1112,feature_1112
1113,feature_1113
1114,feature_1114
1115,feature_1115
1116,feature_1116
1117,feature_1117
1118,feature_1118
1119,feature_1119
1120,feature_1120
1121,feature_1121
1122,feature_1122
1123,feature_1123
1124,feature_1124
1125,feature_1125
1126,feature_1126
1127,feature_1127
1128,feature_1128
1129,feature_1129
1130,feature_1130
1131,feature_1131
1132,feature_1132
1133,feature_1133
1134,feature_1134
1135,feature_1135
1136,feature_1136
1137,feature_1137
1138,feature_1138
1139,feature_1139
1140,feature_1140
1141,feature_1141
1142,feature_1142
1143,feature_1143
1144,feature_1144
1145,feature_1145
1146,feature_1146
1147,feature_1147
1148,feature_1148
1149,feature_1149
1150,feature_1150
1151,feature_1151
1152,feature_1152
1153,feature_1153
1154,feature_1154
1155,feature_1155
1156,feature_1156
1157,feature_1157
1158,feature_1158
1159,feature_1159
1160,feature_1160
1161,feature_1161
1162,feature_1162
1163,feature_1163
1164,feature_1164
1165,feature_1165
1166,feature_1166
1167,feature_1167
1168,feature_1168
1169,feature_1169
1170,feature_1170
1171,feature_1171
1172,feature_1172
1173,feature_1173
1174,feature_1174
1175,feature_1175
1176,feature_1176
1177,feature_1177
1178,feature_1178
1179,feature_1179
1180,feature_1180
1181,feature_1181
1182,feature_1182
1183,feature_1183
1184,feature_1184
1185,feature_1185
1186,feature_1186
1187,feature_1187
1188,feature_1188
1189,feature_1189
1190,feature_1190
1191,feature_1191
1192,feature_1192
1193,feature_1193
1194,feature_1194
1195,feature_1195
1196,feature_1196
1197,feature_1197
1198,feature_1198
1199,feature_1199
1200,feature_1200
1201,feature_1201
1202,feature_1202
1203,feature_1203
1204,feature_1204
1205,feature_1205
1206,feature_1206
1207,feature_1207
1208,feature_1208
1209,feature_1209
1210,feature_1210
1211,feature_1211
1212,feature_1212
1213,feature_1213
1214,feature_1214
1215,feature_1215
1216,feature_1216
1217,feature_1217
1218,feature_1218
1219,feature_1219
1220,feature_1220
1221,feature_1221
1222,feature_1222
1223,feature_1223
1224,feature_1224
1225,feature_1225
1226,feature_1226
1227,feature_1227
1228,feature_1228
1229,feature_1229
1230,feature_1230
1231,feature_1231
1232,feature_1232
1233,feature_1233
1234,feature_1234
1235,feature_1235
1236,feature_1236
1237,feature_1237
1238,feature_1238
1239,feature_1239
1240,feature_1240
1241,feature_1241
1242,feature_1242
1243,feature_1243
1244,feature_1244
1245,feature_1245
1246,feature_1246
1247,feature_1247
1248,feature_1248
1249,feature_1249
1250,feature_1250
1251,feature_1251
1252,feature_1252
1253,feature_1253
1254,feature_1254
1255,feature_1255
1256,feature_1256
1257,feature_1257
1258,feature_1258
1259,feature_1259
1260,feature_1260
1261,feature_1261
1262,feature_1262
1263,feature_1263
1264,feature_1264
1265,feature_1265
1266,feature_1266
1267,feature_1267
1268,feature_1268
1269,feature_1269
1270,feature_1270
1271,feature_1271
1272,feature_1272
1273,feature_1273
1274,feature_1274
1275,feature_1275
1276,feature_1276
1277,feature_1277
1278,feature_1278
1279,feature_1279
1280,feature_1280
1281,feature_1281
1282,feature_1282
1283,feature_1283
1284,feature_1284
1285,feature_1285
1286,feature_1286
1287,feature_1287
1288,feature_1288
1289,feature_1289
1290,feature_1290
1291,feature_1291
1292,feature_1292
1293,feature_1293
1294,feature_1294
1295,feature_1295
1296,feature_1296
1297,feature_1297
1298,feature_1298
1299,feature_1299
1300,feature_1300
1301,feature_1301
1302,feature_1302
1303,feature_1303
1304,feature_1304
1305,feature_1305
1306,feature_1306
1307,feature_1307
1308,feature_1308
1309,feature_1309
1310,feature_1310
1311,feature_1311
1312,feature_1312
1313,feature_1313
1314,feature_1314
1315,feature_1315
1316,feature_1316
1317,feature_1317
1318,feature_1318
1319,feature_1319
1320,feature_1320
1321,feature_1321
1322,feature_1322
1323,feature_1323
1324,feature_1324
1325,feature_1325
1326,feature_1326
1327,feature_1327
1328,feature_1328
1329,feature_1329
1330,feature_1330
1331,feature_1331
1332,feature_1332
1333,feature_1333
1334,feature_1334
1335,feature_1335
1336,feature_1336
1337,feature_1337
1338,feature_1338
1339,feature_1339
1340,feature_1340
1341,feature_1341
1342,feature_1342
1343,feature_1343
1344,feature_1344
1345,feature_1345
1346,feature_1346
1347,feature_1347
1348,feature_1348
1349,feature_1349
1350,feature_1350
1351,feature_1351
1352,feature_1352
1353,feature_1353
1354,feature_1354
1355,feature_1355
1356,feature_1356
1357,feature_1357
1358,feature_1358
1359,feature_1359
1360,feature_1360
1361,feature_1361
1362,feature_1362
1363,feature_1363
1364,feature_1364
1365,feature_1365
1366,feature_1366
1367,feature_1367
1368,feature_1368
1369,feature_1369
1370,feature_1370
1371,feature_1371
1372,feature_1372
1373,feature_1373
1374,feature_1374
1375,feature_1375
1376,feature_1376
1377,feature_1377
1378,feature_1378
1379,feature_1379
1380,feature_1380
1381,feature_1381
1382,feature_1382
1383,feature_1383
1384,feature_1384
1385,feature_1385
1386,feature_1386
1387,feature_1387
1388,feature_1388
1389,feature_1389
1390,feature_1390
1391,feature_1391
1392,feature_1392
1393,feature_1393
1394,feature_1394
1395,feature_1395
1396,feature_1396
1397,feature_1397
1398,feature_1398
1399,feature_1399
1400,feature_1400
1401,feature_1401
1402,feature_1402
1403,feature_1403
1404,feature_1404
1405,feature_1405
1406,feature_1406
1407,feature_1407
1408,feature_1408
1409,feature_1409
1410,feature_1410
1411,feature_1411
1412,feature_1412
1413,feature_1413
1414,feature_1414
1415,feature_1415
1416,feature_1416
1417,feature_1417
1418,feature_1418
1419,feature_1419
1420,feature_1420
1421,feature_1421
1422,feature_1422
1423,feature_1423
1424,feature_1424
1425,feature_1425
1426,feature_1426
1427,feature_1427
1428,feature_1428
1429,feature_1429
1430,feature_1430
1431,feature_1431
1432,feature_1432
1433,feature_1433
1434,feature_1434
1435,feature_1435
1436,feature_1436
1437,feature_1437
1438,feature_1438
1439,feature_1439
1440,feature_1440
1441,feature_1441
1442,feature_1442
1443,feature_1443
1444,feature_1444
1445,feature_1445
1446,feature_1446
1447,feature_1447
1448,feature_1448
1449,feature_1449
1450,feature_1450
1451,feature_1451
1452,feature_1452
1453,feature_1453
1454,feature_1454
1455,feature_1455
1456,feature_1456
1457,feature_1457
1458,feature_1458
1459,feature_1459
1460,feature_1460
1461,feature_1461
1462,feature_1462
1463,feature_1463
1464,feature_1464
1465,feature_1465
1466,feature_1466
1467,feature_1467
1468,feature_1468
1469,feature_1469
1470,feature_1470
1471,feature_1471
1472,feature_1472
1473,feature_1473
1474,feature_1474
1475,feature_1475
1476,feature_1476
1477,feature_1477
1478,feature_1478
1479,feature_1479
1480,feature_1480
1481,feature_1481
1482,feature_1482
1483,feature_1483
1484,feature_1484
1485,feature_1485
1486,feature_1486
1487,feature_1487
1488,feature_1488
1489,feature_1489
1490,feature_1490
1491,feature_1491
1492,feature_1492
1493,feature_1493
1494,feature_1494
1495,feature_1495
1496,feature_1496
1497,feature_1497
1498,feature_1498
1499,feature_1499
1500,feature_1500
1501,feature_1501
1502,feature_1502
1503,feature_1503
1504,feature_1504
1505,feature_1505
1506,feature_1506
1507,feature_1507
1508,feature_1508
1509,feature_1509
1510,feature_1510
1511,feature_1511
1512,feature_1512
1513,feature_1513
1514,feature_1514
1515,feature_1515
1516,feature_1516
1517,feature_1517
1518,feature_1518
1519,feature_1519
1520,feature_1520
1521,feature_1521
1522,feature_1522
1523,feature_1523
1524,feature_1524
1525,feature_1525
1526,feature_1526
1527,feature_1527
1528,feature_1528
1529,feature_1529
1530,feature_1530
1531,feature_1531
1532,feature_1532
1533,feature_1533
1534,feature_1534
1535,feature_1535
1536,feature_1536
1537,feature_1537
1538,feature_1538
1539,feature_1539
1540,feature_1540
1541,feature_1541
1542,feature_1542
1543,feature_1543
1544,feature_1544
1545,feature_1545
1546,feature_1546
1547,feature_1547
1548,feature_1548
1549,feature_1549
1550,feature_1550
1551,feature_1551
1552,feature_1552
1553,feature_1553
1554,feature_1554
1555,feature_1555
1556,feature_1556
1557,feature_1557
1558,feature_1558
1559,feature_1559
1560,feature_1560
1561,feature_1561
1562,feature_1562
1563,feature_1563
1564,feature_1564
1565,feature_1565
1566,feature_1566
1567,feature_1567
1568,feature_1568
1569,feature_1569
1570,feature_1570
1571,feature_1571
1572,feature_1572
1573,feature_1573
1574,feature_1574
1575,feature_1575
1576,feature_1576
1577,feature_1577
1578,feature_1578
1579,feature_1579
1580,feature_1580
1581,feature_1581
1582,feature_1582
1583,feature_1583
1584,feature_1584
1585,feature_1585
1586,feature_1586
1587,feature_1587
1588,feature_1588
1589,feature_1589
1590,feature_1590
1591,feature_1591
1592,feature_1592
1593,feature_1593
1594,feature_1594
1595,feature_1595
1596,feature_1596
1597,feature_1597
1598,feature_1598
1599,feature_1599
1600,feature_1600
1601,feature_1601
1602,feature_1602
1603,feature_1603
1604,feature_1604
1605,feature_1605
1606,feature_1606
1607,feature_1607
1608,feature_1608
1609,feature_1609
1610,feature_1610
1611,feature_1611
1612,feature_1612
1613,feature_1613
1614,feature_1614
1615,feature_1615
1616,feature_1616
1617,feature_1617
1618,feature_1618
1619,feature_1619
1620,feature_1620
1621,feature_1621
1622,feature_1622
1623,feature_1623
1624,feature_1624
1625,feature_1625
1626,feature_1626
1627,feature_1627
1628,feature_1628
1629,feature_1629
1630,feature_1630
1631,feature_1631
1632,feature_1632
1633,feature_1633
1634,feature_1634
1635,feature_1635
1636,feature_1636
1637,feature_1637
1638,feature_1638
1639,feature_1639
1640,feature_1640
1641,feature_1641
1642,feature_1642
1643,feature_1643
1644,feature_1644
1645,feature_1645
1646,feature_1646
1647,feature_1647
1648,feature_1648
1649,feature_1649
1650,feature_1650
1651,feature_1651
1652,feature_1652
1653,feature_1653
1654,feature_1654
1655,feature_1655
1656,feature_1656
1657,feature_1657
1658,feature_1658
1659,feature_1659
1660,feature_1660
1661,feature_1661
1662,feature_1662
1663,feature_1663
1664,feature_1664
1665,feature_1665
1666,feature_1666
1667,feature_1667
1668,feature_1668
1669,feature_1669
1670,feature_1670
1671,feature_1671
1672,feature_1672
1673,feature_1673
1674,feature_1674
1675,feature_1675
1676,feature_1676
1677,feature_1677
1678,feature_1678
1679,feature_1679
1680,feature_1680
1681,feature_1681
1682,feature_1682
1683,feature_1683
1684,feature_1684
1685,feature_1685
1686,feature_1686
1687,feature_1687
1688,feature_1688
1689,feature_1689
1690,feature_1690
1691,feature_1691
1692,feature_1692
1693,feature_1693
1694,feature_1694
1695,feature_1695
1696,feature_1696
1697,feature_1697
1698,feature_1698
1699,feature_1699
1700,feature_1700
1701,feature_1701
1702,feature_1702
1703,feature_1703
1704,feature_1704
1705,feature_1705
1706,feature_1706
1707,feature_1707
1708,feature_1708
1709,feature_1709
1710,feature_1710
1711,feature_1711
1712,feature_1712
1713,feature_1713
1714,feature_1714
1715,feature_1715
1716,feature_1716
1717,feature_1717
1718,feature_1718
1719,feature_1719
1720,feature_1720
1721,feature_1721
1722,feature_1722
1723,feature_1723
1724,feature_1724
1725,feature_1725
1726,feature_1726
1727,feature_1727
1728,feature_1728
1729,feature_1729
1730,feature_1730
1731,feature_1731
1732,feature_1732
1733,feature_1733
1734,feature_1734
1735,feature_1735
1736,feature_1736
1737,feature_1737
1738,feature_1738
1739,feature_1739
1740,feature_1740
1741,feature_1741
1742,feature_1742
1743,feature_1743
1744,feature_1744
1745,feature_1745
1746,feature_1746
1747,feature_1747
1748,feature_1748
1749,feature_1749
1750,feature_1750
1751,feature_1751
1752,feature_1752
1753,feature_1753
1754,feature_1754
1755,feature_1755
1756,feature_1756
1757,feature_1757
1758,feature_1758
1759,feature_1759
1760,feature_1760
1761,feature_1761
1762,feature_1762
1763,feature_1763
1764,feature_1764
1765,feature_1765
1766,feature_1766
1767,feature_1767
1768,feature_1768
1769,feature_1769
1770,feature_1770
1771,feature_1771
1772,feature_1772
1773,feature_1773
1774,feature_1774
1775,feature_1775
1776,feature_1776
1777,feature_1777
1778,feature_1778
1779,feature_1779
1780,feature_1780
1781,feature_1781
1782,feature_1782
1783,feature_1783
1784,feature_1784
1785,feature_1785
1786,feature_1786
1787,feature_1787
1788,feature_1788
1789,feature_1789
1790,feature_1790
1791,feature_1791
1792,feature_1792
1793,feature_1793
1794,feature_1794
1795,feature_1795
1796,feature_1796
1797,feature_1797
1798,feature_1798
1799,feature_1799
1800,feature_1800
1801,feature_1801
1802,feature_1802
1803,feature_1803
1804,feature_1804
1805,feature_1805
1806,feature_1806
1807,feature_1807
1808,feature_1808
1809,feature_1809
1810,feature_1810
1811,feature_1811
1812,feature_1812
1813,feature_1813
1814,feature_1814
1815,feature_1815
1816,feature_1816
1817,feature_1817
1818,feature_1818
1819,feature_1819
1820,feature_1820
1821,feature_1821
1822,feature_1822
1823,feature_1823
1824,feature_1824
1825,feature_1825
1826,feature_1826
1827,feature_1827
1828,feature_1828
1829,feature_1829
1830,feature_1830
1831,feature_1831
1832,feature_1832
1833,feature_1833
1834,feature_1834
1835,feature_1835
1836,feature_1836
1837,feature_1837
1838,feature_1838
1839,feature_1839
1840,feature_1840
1841,feature_1841
1842,feature_1842
1843,feature_1843
1844,feature_1844
1845,feature_1845
1846,feature_1846
1847,feature_1847
1848,feature_1848
1849,feature_1849
1850,feature_1850
1851,feature_1851
1852,feature_1852
1853,feature_1853
1854,feature_1854
1855,feature_1855
1856,feature_1856
1857,feature_1857
1858,feature_1858
1859,feature_1859
1860,feature_1860
1861,feature_1861
1862,feature_1862
1863,feature_1863
1864,feature_1864
1865,feature_1865
1866,feature_1866
1867,feature_1867
1868,feature_1868
1869,feature_1869
1870,feature_1870
1871,feature_1871
1872,feature_1872
1873,feature_1873
1874,feature_1874
1875,feature_1875
1876,feature_1876
1877,feature_1877
1878,feature_1878
1879,feature_1879
1880,feature_1880
1881,feature_1881
1882,feature_1882
1883,feature_1883
1884,feature_1884
1885,feature_1885
1886,feature_1886
1887,feature_1887
1888,feature_1888
1889,feature_1889
1890,feature_1890
1891,feature_1891
1892,feature_1892
1893,feature_1893
1894,feature_1894
1895,feature_1895
1896,feature_1896
1897,feature_1897
1898,feature_1898
1899,feature_1899
1900,feature_1900
1901,feature_1901
1902,feature_1902
1903,feature_1903
1904,feature_1904
1905,feature_1905
1906,feature_1906
1907,feature_1907
1908,feature_1908
1909,feature_1909
1910,feature_1910
1911,feature_1911
1912,feature_1912
1913,feature_1913
1914,feature_1914
1915,feature_1915
1916,feature_1916
1917,feature_1917
1918,feature_1918
1919,feature_1919
1920,feature_1920
1921,feature_1921
1922,feature_1922
1923,feature_1923
1924,feature_1924
1925,feature_1925
1926,feature_1926
1927,feature_1927
1928,feature_1928
1929,feature_1929
1930,feature_1930
1931,feature_1931
1932,feature_1932
1933,feature_1933
1934,feature_1934
1935,feature_1935
1936,feature_1936
1937,feature_1937
1938,feature_1938
1939,feature_1939
1940,feature_1940
1941,feature_1941
1942,feature_1942
1943,feature_1943
1944,feature_1944
1945,feature_1945
1946,feature_1946
1947,feature_1947
1948,feature_1948
1949,feature_1949
1950,feature_1950
1951,feature_1951
1952,feature_1952
1953,feature_1953
1954,feature_1954
1955,feature_1955
1956,feature_1956
1957,feature_1957
1958,feature_1958
1959,feature_1959
1960,feature_1960
1961,feature_1961
1962,feature_1962
1963,feature_1963
1964,feature_1964
1965,feature_1965
1966,feature_1966
1967,feature_1967
1968,feature_1968
1969,feature_1969
1970,feature_1970
1971,feature_1971
1972,feature_1972
1973,feature_1973
1974,feature_1974
1975,feature_1975
1976,feature_1976
1977,feature_1977
1978,feature_1978
1979,feature_1979
1980,feature_1980
1981,feature_1981
1982,feature_1982
1983,feature_1983
1984,feature_1984
1985,feature_1985
1986,feature_1986
1987,feature_1987
1988,feature_1988
1989,feature_1989
1990,feature_1990
1991,feature_1991
1992,feature_1992
1993,feature_1993
1994,feature_1994
1995,feature_1995
1996,feature_1996
1997,feature_1997
1998,feature_1998
1999,feature_1999
2000,feature_2000
2001,feature_2001
2002,feature_2002
2003,feature_2003
2004,feature_2004
2005,feature_2005
2006,feature_2006
2007,feature_2007
2008,feature_2008
2009,feature_2009
2010,feature_2010
2011,feature_2011
2012,feature_2012
2013,feature_2013
2014,feature_2014
2015,feature_2015
2016,feature_2016
2017,feature_2017
2018,feature_2018
2019,feature_2019
2020,feature_2020
2021,feature_2021
2022,feature_2022
2023,feature_2023
2024,feature_2024
2025,feature_2025
2026,feature_2026
2027,feature_2027
2028,feature_2028
2029,feature_2029
2030,feature_2030
2031,feature_2031
2032,feature_2032
2033,feature_2033
2034,feature_2034
2035,feature_2035
2036,feature_2036
2037,feature_2037
2038,feature_2038
2039,feature_2039
2040,feature_2040
2041,feature_2041
2042,feature_2042
2043,feature_2043
2044,feature_2044
2045,feature_2045
2046,feature_2046
2047,feature_2047
2048,feature_2048
2049,feature_2049
2050,feature_2050
2051,feature_2051
2052,feature_2052
2053,feature_2053
2054,feature_2054
2055,feature_2055
2056,feature_2056
2057,feature_2057
2058,feature_2058
2059,feature_2059
2060,feature_2060
2061,feature_2061
2062,feature_2062
2063,feature_2063
2064,feature_2064
2065,feature_2065
2066,feature_2066
2067,feature_2067
2068,feature_2068
2069,feature_2069
2070,feature_2070
2071,feature_2071
2072,feature_2072
2073,feature_2073
2074,feature_2074
2075,feature_2075
2076,feature_2076
2077,feature_2077
2078,feature_2078
2079,feature_2079
2080,feature_2080
2081,feature_2081
2082,feature_2082
2083,feature_2083
2084,feature_2084
2085,feature_2085
2086,feature_2086
2087,feature_2087
2088,feature_2088
2089,feature_2089
2090,feature_2090
2091,feature_2091
2092,feature_2092
2093,feature_2093
2094,feature_2094
2095,feature_2095
2096,feature_2096
2097,feature_2097
2098,feature_2098
2099,feature_2099
2100,feature_2100
2101,feature_2101
2102,feature_2102
2103,feature_2103
2104,feature_2104
2105,feature_2105
2106,feature_2106
2107,feature_2107
2108,feature_2108
2109,feature_2109
2110,feature_2110
2111,feature_2111
2112,feature_2112
2113,feature_2113
2114,feature_2114
2115,feature_2115
2116,feature_2116
2117,feature_2117
2118,feature_2118
2119,feature_2119
2120,feature_2120
2121,feature_2121
2122,feature_2122
2123,feature_2123
2124,feature_2124
2125,feature_2125
2126,feature_2126
2127,feature_2127
2128,feature_2128
2129,feature_2129
2130,feature_2130
2131,feature_2131
2132,feature_2132
2133,feature_2133
2134,feature_2134
2135,feature_2135
2136,feature_2136
2137,feature_2137
2138,feature_2138
2139,feature_2139
2140,feature_2140
2141,feature_2141
2142,feature_2142
2143,feature_2143
2144,feature_2144
2145,feature_2145
2146,feature_2146
2147,feature_2147
2148,feature_2148
2149,feature_2149
2150,feature_2150
2151,feature_2151
2152,feature_2152
2153,feature_2153
2154,feature_2154
2155,feature_2155
2156,feature_2156
2157,feature_2157
2158,feature_2158
2159,feature_2159
2160,feature_2160
2161,feature_2161
2162,feature_2162
2163,feature_2163
2164,feature_2164
2165,feature_2165
2166,feature_2166
2167,feature_2167
2168,feature_2168
2169,feature_2169
2170,feature_2170
2171,feature_2171
2172,feature_2172
2173,feature_2173
2174,feature_2174
2175,feature_2175
2176,feature_2176
2177,feature_2177
2178,feature_2178
2179,feature_2179
2180,feature_2180
2181,feature_2181
2182,feature_2182
2183,feature_2183
2184,feature_2184
2185,feature_2185
2186,feature_2186
2187,feature_2187
2188,feature_2188
2189,feature_2189
2190,feature_2190
2191,feature_2191
2192,feature_2192
2193,feature_2193
2194,feature_2194
2195,feature_2195
2196,feature_2196
2197,feature_2197
2198,feature_2198
2199,feature_2199
2200,feature_2200
2201,feature_2201
2202,feature_2202
2203,feature_2203
2204,feature_2204
2205,feature_2205
2206,feature_2206
2207,feature_2207
2208,feature_2208
2209,feature_2209
2210,feature_2210
2211,feature_2211
2212,feature_2212
2213,feature_2213
2214,feature_2214
2215,feature_2215
2216,feature_2216
2217,feature_2217
2218,feature_2218
2219,feature_2219
2220,feature_2220
2221,feature_2221
2222,feature_2222
2223,feature_2223
2224,feature_2224
2225,feature_2225
2226,feature_2226
2227,feature_2227
2228,feature_2228
2229,feature_2229
2230,feature_2230
2231,feature_2231
2232,feature_2232
2233,feature_2233
2234,feature_2234
2235,feature_2235
2236,feature_2236
2237,feature_2237
2238,feature_2238
2239,feature_2239
2240,feature_2240
2241,feature_2241
2242,feature_2242
2243,feature_2243
2244,feature_2244
2245,feature_2245
2246,feature_2246
2247,feature_2247
2248,feature_2248
2249,feature_2249
2250,feature_2250
2251,feature_2251
2252,feature_2252
2253,feature_2253
2254,feature_2254
2255,feature_2255
2256,feature_2256
2257,feature_2257
2258,feature_2258
2259,feature_2259
2260,feature_2260
2261,feature_2261
2262,feature_2262
2263,feature_2263
2264,feature_2264
2265,feature_2265
2266,feature_2266
2267,feature_2267
2268,feature_2268
2269,feature_2269
2270,feature_2270
2271,feature_2271
2272,feature_2272
2273,feature_2273
2274,feature_2274
2275,feature_2275
2276,feature_2276
2277,feature_2277
2278,feature_2278
2279,feature_2279
2280,feature_2280
2281,feature_2281
2282,feature_2282
2283,feature_2283
2284,feature_2284
2285,feature_2285
2286,feature_2286
2287,feature_2287
2288,feature_2288
2289,feature_2289
2290,feature_2290
2291,feature_2291
2292,feature_2292
2293,feature_2293
2294,feature_2294
2295,feature_2295
2296,feature_2296
2297,feature_2297
2298,feature_2298
2299,feature_2299
2300,feature_2300
2301,feature_2301
2302,feature_2302
2303,feature_2303
2304,feature_2304
2305,feature_2305
2306,feature_2306
2307,feature_2307
2308,feature_2308
2309,feature_2309
2310,feature_2310
2311,feature_2311
2312,feature_2312
2313,feature_2313
2314,feature_2314
2315,feature_2315
2316,feature_2316
2317,feature_2317
2318,feature_2318
2319,feature_2319
2320,feature_2320
2321,feature_2321
2322,feature_2322
2323,feature_2323
2324,feature_2324
2325,feature_2325
2326,feature_2326
2327,feature_2327
2328,feature_2328
2329,feature_2329
2330,feature_2330
2331,feature_2331
2332,feature_2332
2333,feature_2333
2334,feature_2334
2335,feature_2335
2336,feature_2336
2337,feature_2337
2338,feature_2338
2339,feature_2339
2340,feature_2340
2341,feature_2341
2342,feature_2342
2343,feature_2343
2344,feature_2344
2345,feature_2345
2346,feature_2346
2347,feature_2347
2348,feature_2348
2349,feature_2349
2350,feature_2350
2351,feature_2351
2352,feature_2352
2353,feature_2353
2354,feature_2354
2355,feature_2355
2356,feature_2356
2357,feature_2357
2358,feature_2358
2359,feature_2359
2360,feature_2360
2361,feature_2361
2362,feature_2362
2363,feature_2363
2364,feature_2364
2365,feature_2365
2366,feature_2366
2367,feature_2367
2368,feature_2368
2369,feature_2369
2370,feature_2370
2371,feature_2371
2372,feature_2372
2373,feature_2373
2374,feature_2374
2375,feature_2375
2376,feature_2376
2377,feature_2377
2378,feature_2378
2379,feature_2379
2380,feature_2380
2381,feature_2381
2382,feature_2382
2383,feature_2383
2384,feature_2384
2385,feature_2385
2386,feature_2386
2387,feature_2387
2388,feature_2388
2389,feature_2389
2390,feature_2390
2391,feature_2391
2392,feature_2392
2393,feature_2393
2394,feature_2394
2395,feature_2395
2396,feature_2396
2397,feature_2397
2398,feature_2398
2399,feature_2399
2400,feature_2400
2401,feature_2401
2402,feature_2402
2403,feature_2403
2404,feature_2404
2405,feature_2405
2406,feature_2406
2407,feature_2407
2408,feature_2408
2409,feature_2409
2410,feature_2410
2411,feature_2411
2412,feature_2412
2413,feature_2413
2414,feature_2414
2415,feature_2415
2416,feature_2416
2417,feature_2417
2418,feature_2418
2419,feature_2419
2420,feature_2420
2421,feature_2421
2422,feature_2422
2423,feature_2423
2424,feature_2424
2425,feature_2425
2426,feature_2426
2427,feature_2427
2428,feature_2428
2429,feature_2429
2430,feature_2430
2431,feature_2431
2432,feature_2432
2433,feature_2433
2434,feature_2434
2435,feature_2435
2436,feature_2436
2437,feature_2437
2438,feature_2438
2439,feature_2439
2440,feature_2440
2441,feature_2441
2442,feature_2442
2443,feature_2443
2444,feature_2444
2445,feature_2445
2446,feature_2446
2447,feature_2447
2448,feature_2448
2449,feature_2449
2450,feature_2450
2451,feature_2451
2452,feature_2452
2453,feature_2453
2454,feature_2454
2455,feature_2455
2456,feature_2456
2457,feature_2457
2458,feature_2458
2459,feature_2459
2460,feature_2460
2461,feature_2461
2462,feature_2462
2463,feature_2463
2464,feature_2464
2465,feature_2465
2466,feature_2466
2467,feature_2467
2468,feature_2468
2469,feature_2469
2470,feature_2470
2471,feature_2471
2472,feature_2472
2473,feature_2473
2474,feature_2474
2475,feature_2475
2476,feature_2476
2477,feature_2477
2478,feature_2478
2479,feature_2479
2480,feature_2480
2481,feature_2481
2482,feature_2482
2483,feature_2483
2484,feature_2484
2485,feature_2485
2486,feature_2486
2487,feature_2487
2488,feature_2488
2489,feature_2489
2490,feature_2490
2491,feature_2491
2492,feature_2492
2493,feature_2493
2494,feature_2494
2495,feature_2495
2496,feature_2496
2497,feature_2497
2498,feature_2498
2499,feature_2499
2500,feature_2500
2501,feature_2501
2502,feature_2502
2503,feature_2503
2504,feature_2504
2505,feature_2505
2506,feature_2506
2507,feature_2507
2508,feature_2508
2509,feature_2509
2510,feature_2510
2511,feature_2511
2512,feature_2512
2513,feature_2513
2514,feature_2514
2515,feature_2515
2516,feature_2516
2517,feature_2517
2518,feature_2518
2519,feature_2519
