class_id,label,video
0,bird,0403(77).mp4
0,bird,0403(78).mp4
0,bird,0403.mp4
0,bird,Bird -1.mp4
0,bird,Bird -2.mp4
0,bird,Bird -3.mp4
0,bird,Bird1.mp4
0,bird,Bird2.mp4
0,bird,Bird3.mp4
0,bird,krishnarajbird.mp4
0,bird,krishnarajbird_2.mp4
0,bird,krishnarajbird_3.mp4
0,bird,manideepbird-1.mp4
0,bird,manideepbird-2.mp4
0,bird,manideepbird-3.mp4
0,bird,NachikethBird1.mp4
0,bird,NachikethBird2.mp4
0,bird,NachikethBird3.mp4
1,youareperfect,0403(21).mp4
1,youareperfect,0403(22).mp4
1,youareperfect,0403(23).mp4
1,youareperfect,krishnarajyouareperfect.mp4
1,youareperfect,krishnarajyouareperfect_1.mp4
1,youareperfect,krishnarajyouareperfect_2.mp4
1,youareperfect,manideepyouareperfect-1.mp4
1,youareperfect,manideepyouareperfect-2.mp4
1,youareperfect,manideepyouareperfect-3.mp4
1,youareperfect,NachikethYouArePerfect1.mp4
1,youareperfect,NachikethYouArePerfect2.mp4
1,youareperfect,NachikethYouArePerfect3.mp4
1,youareperfect,You are perfect -1.mp4
1,youareperfect,You are perfect -2.mp4
1,youareperfect,You are perfect -3.mp4
1,youareperfect,You are perfect 1.mp4
1,youareperfect,You are perfect 2.mp4
1,youareperfect,You are perfect 3.mp4
1,youareperfect,You Are Perfect_1.mp4
1,youareperfect,You Are Perfect_2.mp4
1,youareperfect,You Are Perfect_3.mp4
2,monsoon,0403(24).mp4
2,monsoon,0403(25).mp4
2,monsoon,0403(26).mp4
2,monsoon,krishnarajmonsoon.mp4
2,monsoon,krishnarajmonsoon_1.mp4
2,monsoon,krishnarajmonsoon_2.mp4
2,monsoon,manideepmonsoon-1.mp4
2,monsoon,manideepmonsoon-2.mp4
2,monsoon,manideepmonsoon-3.mp4
2,monsoon,Monsoon -1.mp4
2,monsoon,Monsoon -2.mp4
2,monsoon,Monsoon -3.mp4
2,monsoon,Monsoon 1.mp4
2,monsoon,Monsoon 2.mp4
2,monsoon,Monsoon 3.mp4
2,monsoon,Monsoon_1.mp4
2,monsoon,Monsoon_2.mp4
2,monsoon,Monsoon_3.mp4
2,monsoon,NachikethMonsoon1.mp4
2,monsoon,NachikethMonsoon2.mp4
2,monsoon,NachikethMonsoon3.mp4
3,afternoon,0403(83).mp4
3,afternoon,0403(84).mp4
3,afternoon,0403(85).mp4
3,afternoon,Afternoon -1.mp4
3,afternoon,Afternoon -2.mp4
3,afternoon,Afternoon -3.mp4
3,afternoon,Afternoon 1.mp4
3,afternoon,Afternoon 2.mp4
3,afternoon,Afternoon 3.mp4
3,afternoon,Afternoon_1.mp4
3,afternoon,Afternoon_2.mp4
3,afternoon,Afternoon_3.mp4
3,afternoon,manideepafternoon-1.mp4
3,afternoon,manideepafternoon-2.mp4
3,afternoon,manideepafternoon-3.mp4
4,angry,0403(27).mp4
4,angry,0403(28).mp4
4,angry,0403(29).mp4
4,angry,Angry -1.mp4
4,angry,Angry -2.mp4
4,angry,Angry -3.mp4
4,angry,Angry 1.mp4
4,angry,Angry 2.mp4
4,angry,Angry 3.mp4
4,angry,Angry_1.mp4
4,angry,Angry_2.mp4
4,angry,Angry_3.mp4
4,angry,krishnarajangry1.mp4
4,angry,krishnarajangry2.mp4
4,angry,krishnarajangry3.mp4
4,angry,manideepangry-1.mp4
4,angry,manideepangry-2.mp4
4,angry,manideepangry-3.mp4
5,bad,0403(30).mp4
5,bad,0403(31).mp4
5,bad,0403(32).mp4
5,bad,Bad -1.mp4
5,bad,Bad -2.mp4
5,bad,Bad -3.mp4
5,bad,Bad1.mp4
5,bad,Bad2.mp4
5,bad,Bad3.mp4
5,bad,Bad_1.mp4
5,bad,Bad_2.mp4
5,bad,Bad_3.mp4
5,bad,krishnarajbad1.mp4
5,bad,krishnarajbad2.mp4
5,bad,krishnarajbad3.mp4
5,bad,manideepbad-1.mp4
5,bad,manideepbad-2.mp4
5,bad,manideepbad-3.mp4
6,boy,0403(33).mp4
6,boy,0403(34).mp4
6,boy,0403(35).mp4
6,boy,Boy -1.mp4
6,boy,Boy -2.mp4
6,boy,Boy -3.mp4
6,boy,Boy1.mp4
6,boy,Boy2.mp4
6,boy,Boy3.mp4
6,boy,Boy_1.mp4
6,boy,Boy_2.mp4
6,boy,Boy_3.mp4
6,boy,krishnarajboy1.mp4
6,boy,krishnarajboy2.mp4
6,boy,krishnarajboy3.mp4
6,boy,manideepboy-1.mp4
6,boy,manideepboy-2.mp4
6,boy,manideepboy-3.mp4
7,eat,0403(36).mp4
7,eat,0403(37).mp4
7,eat,0403(38).mp4
7,eat,Eat -1.mp4
7,eat,Eat -2.mp4
7,eat,Eat -3.mp4
7,eat,Eat_1.mp4
7,eat,Eat_2.mp4
7,eat,Eat_3.mp4
7,eat,Food1.mp4
7,eat,Food2.mp4
7,eat,Food3.mp4
7,eat,krishnarajeat1.mp4
7,eat,krishnarajeat2.mp4
7,eat,krishnarajeat3.mp4
7,eat,manideepeat-1.mp4
7,eat,manideepeat-2.mp4
7,eat,manideepeat-3.mp4
8,friend,0403(39).mp4
8,friend,0403(40).mp4
8,friend,0403(41).mp4
8,friend,Friend -1.mp4
8,friend,Friend -2.mp4
8,friend,Friend -3.mp4
8,friend,Friend1.mp4
8,friend,Friend2.mp4
8,friend,Friend3.mp4
8,friend,Friend_1.mp4
8,friend,Friend_2.mp4
8,friend,Friend_3.mp4
8,friend,KrishnarajFriend1.mp4
8,friend,KrishnarajFriend2.mp4
8,friend,KrishnarajFriend3.mp4
8,friend,manideepfriend-1.mp4
8,friend,manideepfriend-2.mp4
8,friend,manideepfriend-3.mp4
9,drinking,0403(42).mp4
9,drinking,0403(43).mp4
9,drinking,0403(44).mp4
9,drinking,Drink 1.mp4
9,drinking,Drink 2.mp4
9,drinking,Drink3.mp4
9,drinking,Drink_1.mp4
9,drinking,Drink_2.mp4
9,drinking,Drink_3.mp4
9,drinking,Drinking -1.mp4
9,drinking,Drinking -2.mp4
9,drinking,Drinking -3.mp4
9,drinking,krishnarajdrink1.mp4
9,drinking,krishnarajdrink2.mp4
9,drinking,krishnarajdrink3.mp4
9,drinking,manideepdrinking-1.mp4
9,drinking,manideepdrinking-2.mp4
9,drinking,manideepdrinking-3.mp4
10,girl,0403(86).mp4
10,girl,0403(87).mp4
10,girl,0403(88).mp4
10,girl,Girl -1.mp4
10,girl,Girl -2.mp4
10,girl,Girl -3.mp4
10,girl,Girl 1.mp4
10,girl,Girl 2.mp4
10,girl,Girl 3.mp4
10,girl,Girl_1.mp4
10,girl,Girl_2.mp4
10,girl,Girl_3.mp4
10,girl,KrishnarajGirl1.mp4
10,girl,KrishnarajGirl2.mp4
10,girl,KrishnarajGirl3.mp4
10,girl,manideep girl-1.mp4
10,girl,manideep girl-2.mp4
10,girl,manideep girl-3.mp4
11,black,0403(80).mp4
11,black,0403(81).mp4
11,black,0403(82).mp4
11,black,Black -1.mp4
11,black,Black -2.mp4
11,black,Black -3.mp4
11,black,Black1.mp4
11,black,Black2.mp4
11,black,Black3.mp4
11,black,krishnarajblack.mp4
11,black,krishnarajblack_1.mp4
11,black,krishnarajblack_2.mp4
11,black,manideepblack-1.mp4
11,black,manideepblack-2.mp4
11,black,manideepblack-3.mp4
11,black,NachikethBlack1.mp4
11,black,NachikethBlack2.mp4
11,black,NachikethBlack3.mp4
12,brother,0403(89).mp4
12,brother,0403(90).mp4
12,brother,0403(91).mp4
12,brother,Brother -1.mp4
12,brother,Brother -2.mp4
12,brother,Brother -3.mp4
12,brother,Brother 1.mp4
12,brother,Brother 2.mp4
12,brother,Brother 3.mp4
12,brother,Brother_1.mp4
12,brother,Brother_2.mp4
12,brother,Brother_3.mp4
12,brother,krishnarajBrother1.mp4
12,brother,krishnarajBrother2.mp4
12,brother,krishnarajBrother3.mp4
12,brother,manideepbrother-1.mp4
12,brother,manideepbrother-2.mp4
12,brother,manideepbrother-3.mp4
13,good,0403(92).mp4
13,good,0403(93).mp4
13,good,0403(94).mp4
13,good,Good -1.mp4
13,good,Good -2.mp4
13,good,Good -3.mp4
13,good,GOOD 1.mp4
13,good,GOOD 2.mp4
13,good,GOOD 3.mp4
13,good,Good1.mp4
13,good,Good2.mp4
13,good,Good3.mp4
13,good,KrishnarajGood1.mp4
13,good,KrishnarajGood2.mp4
13,good,KrishnarajGood3.mp4
13,good,manideepgood-1.mp4
13,good,manideepgood-2.mp4
13,good,manideepgood-3.mp4
14,father,0403(95).mp4
14,father,0403(96).mp4
14,father,0403(97).mp4
14,father,Father -1.mp4
14,father,Father -2.mp4
14,father,Father -3.mp4
14,father,Father 3.mp4
14,father,Father1.mp4
14,father,Father2.mp4
14,father,Father_1.mp4
14,father,Father_2.mp4
14,father,Father_3.mp4
14,father,KrishnarajFather1.mp4
14,father,KrishnarajFather2.mp4
14,father,KrishnarajFather3.mp4
14,father,manideepfather-1.mp4
14,father,manideepfather-2.mp4
14,father,manideepfather-3.mp4
15,evening,0403(100).mp4
15,evening,0403(98).mp4
15,evening,0403(99).mp4
15,evening,Evening -1.mp4
15,evening,Evening -2.mp4
15,evening,Evening -3.mp4
15,evening,Evening 1.mp4
15,evening,Evening 2.mp4
15,evening,Evening 3.mp4
15,evening,Evening_1.mp4
15,evening,Evening_2.mp4
15,evening,Evening_3.mp4
15,evening,KrishnarajEvening1.mp4
15,evening,KrishnarajEvening2.mp4
15,evening,KrishnarajEvening3.mp4
15,evening,manideepevening-1.mp4
15,evening,manideepevening-2.mp4
15,evening,manideepevening-3.mp4
16,help,0403(45).mp4
16,help,0403(46).mp4
16,help,0403.mp4
16,help,Help -1.mp4
16,help,Help -2.mp4
16,help,Help -3.mp4
16,help,Help1.mp4
16,help,Help2.mp4
16,help,Help3.mp4
16,help,Help_1.mp4
16,help,Help_2.mp4
16,help,Help_3.mp4
16,help,KrishnarajHelp1.mp4
16,help,KrishnarajHelp2.mp4
16,help,KrishnarajHelp3.mp4
16,help,manideephelp-1.mp4
16,help,manideephelp-2.mp4
16,help,manideephelp-3.mp4
17,mother,0403(47).mp4
17,mother,0403(48).mp4
17,mother,0403(49).mp4
17,mother,KrishnarajMother1.mp4
17,mother,KrishnarajMother2.mp4
17,mother,KrishnarajMother3.mp4
17,mother,manideepmother-1.mp4
17,mother,manideepmother-2.mp4
17,mother,manideepmother-3.mp4
17,mother,Mother -1.mp4
17,mother,Mother -2.mp4
17,mother,Mother -3.mp4
17,mother,Mother 1.mp4
17,mother,Mother 2.mp4
17,mother,Mother 3.mp4
17,mother,Mother_1.mp4
17,mother,Mother_2.mp4
17,mother,Mother_3.mp4
18,NAME,0403(71).mp4
18,NAME,0403(72).mp4
18,NAME,0403(73).mp4
18,NAME,KrishnarajName1.mp4
18,NAME,KrishnarajName2.mp4
18,NAME,KrishnarajName3.mp4
18,NAME,manideepname-1.mp4
18,NAME,manideepname-2.mp4
18,NAME,manideepname-3.mp4
18,NAME,Name -1.mp4
18,NAME,Name -2.mp4
18,NAME,Name -3.mp4
18,NAME,Name1.mp4
18,NAME,Name2.mp4
18,NAME,Name3.mp4
19,Night,0403(74).mp4
19,Night,0403(75).mp4
19,Night,0403(76).mp4
19,Night,KrishnarajNight1.mp4
19,Night,KrishnarajNight2.mp4
19,Night,KrishnarajNight3.mp4
19,Night,manideepnight-1.mp4
19,Night,manideepnight-2.mp4
19,Night,manideepnight-3.mp4
19,Night,Night -1.mp4
19,Night,Night -2.mp4
19,Night,Night -3.mp4
19,Night,Night 1.mp4
19,Night,Night 2.mp4
19,Night,Night 3.mp4
19,Night,Night_1.mp4
19,Night,Night_2.mp4
19,Night,Night_3.mp4
20,Music,0403(62).mp4
20,Music,0403(63).mp4
20,Music,0403(64).mp4
20,Music,manideepmusic-1.mp4
20,Music,manideepmusic-2.mp4
20,Music,manideepmusic-3.mp4
20,Music,Music -1.mp4
20,Music,Music -2.mp4
20,Music,Music -3.mp4
20,Music,Music 1.mp4
20,Music,Music2.mp4
20,Music,Music3.mp4
20,Music,Music_1.mp4
20,Music,Music_2.mp4
20,Music,Music_3.mp4
21,nose,0403(50).mp4
21,nose,0403(51).mp4
21,nose,0403(52).mp4
21,nose,KrishnarajNose1.mp4
21,nose,KrishnarajNose2.mp4
21,nose,KrishnarajNose3.mp4
21,nose,manideepnose-1.mp4
21,nose,manideepnose-2.mp4
21,nose,manideepnose-3.mp4
21,nose,Nose 1.mp4
21,nose,Nose 2.mp4
21,nose,Nose 3.mp4
21,nose,Nose-1.mp4
21,nose,Nose-2.mp4
21,nose,Nose-3.mp4
21,nose,Nose_1.mp4
21,nose,Nose_2.mp4
21,nose,Nose_3.mp4
22,cat,0403(1).mp4
22,cat,0403(2).mp4
22,cat,0403.mp4
22,cat,Cat-1.mp4
22,cat,Cat-2.mp4
22,cat,Cat-3.mp4
22,cat,Cat1.mp4
22,cat,Cat2.mp4
22,cat,Cat3.mp4
22,cat,krishnarajcat.mp4
22,cat,krishnarajcat_1.mp4
22,cat,krishnarajcat_2.mp4
22,cat,manideepcat-1.mp4
22,cat,manideepcat-2.mp4
22,cat,manideepcat-3.mp4
22,cat,NachikethCat1.mp4
22,cat,NachikethCat2.mp4
22,cat,NachikethCat3.mp4
23,sleep,KrishnarajSleep1.mp4
23,sleep,KrishnarajSleep2.mp4
23,sleep,KrishnarajSleep3.mp4
23,sleep,manideepsleep-1.mp4
23,sleep,manideepsleep-2.mp4
23,sleep,manideepsleep-3.mp4
23,sleep,Sleep -1.mp4
23,sleep,Sleep -2.mp4
23,sleep,Sleep -3.mp4
23,sleep,Sleep1.mp4
23,sleep,Sleep2.mp4
23,sleep,Sleep3.mp4
23,sleep,Sleep_1.mp4
23,sleep,Sleep_2.mp4
23,sleep,Sleep_3.mp4
24,sit,0403(53).mp4
24,sit,0403(54).mp4
24,sit,0403(55).mp4
24,sit,KrishnarajSit1.mp4
24,sit,KrishnarajSit2.mp4
24,sit,KrishnarajSit3.mp4
24,sit,manideepsit-1.mp4
24,sit,manideepsit-2.mp4
24,sit,manideepsit-3.mp4
24,sit,Sit-1.mp4
24,sit,Sit-2.mp4
24,sit,Sit-3.mp4
24,sit,Sit1.mp4
24,sit,Sit2.mp4
24,sit,Sit3.mp4
24,sit,Sit_1.mp4
24,sit,Sit_2.mp4
24,sit,Sit_3.mp4
25,sorry,0403(59).mp4
25,sorry,0403(60).mp4
25,sorry,0403(61).mp4
25,sorry,KrishnarajSorry1.mp4
25,sorry,KrishnarajSorry2.mp4
25,sorry,KrishnarajSorry3.mp4
25,sorry,manideepsorry-1.mp4
25,sorry,manideepsorry-2.mp4
25,sorry,manideepsorry-3.mp4
25,sorry,Sorry -1.mp4
25,sorry,Sorry -2.mp4
25,sorry,Sorry -3.mp4
25,sorry,SORRY 1.mp4
25,sorry,SORRY 2.mp4
25,sorry,SORRY 3.mp4
26,stand,0403(68).mp4
26,stand,0403(69).mp4
26,stand,0403(70).mp4
26,stand,KrishnarajStand1.mp4
26,stand,KrishnarajStand2.mp4
26,stand,KrishnarajStand3.mp4
26,stand,manideepstand-1.mp4
26,stand,manideepstand-2.mp4
26,stand,manideepstand-3.mp4
26,stand,Stand -1.mp4
26,stand,Stand -2.mp4
26,stand,Stand -3.mp4
26,stand,STAND 1.mp4
26,stand,Stand 2(1).mp4
26,stand,STAND 2.mp4
26,stand,Stand 3(1).mp4
26,stand,STAND 3.mp4
26,stand,Stand1.mp4
27,stop,0403(65).mp4
27,stop,0403(66).mp4
27,stop,0403(67).mp4
27,stop,KrishnarajStop1.mp4
27,stop,KrishnarajStop2.mp4
27,stop,KrishnarajStop3.mp4
27,stop,manideepstop-1.mp4
27,stop,manideepstop-2.mp4
27,stop,manideepstop-3.mp4
27,stop,Stop -1.mp4
27,stop,Stop -2.mp4
27,stop,Stop -3.mp4
27,stop,Stop 1(1).mp4
27,stop,STOP 1.mp4
27,stop,Stop 2(1).mp4
27,stop,STOP 2.mp4
27,stop,Stop 3(1).mp4
27,stop,STOP 3.mp4
28,student,0403(101).mp4
28,student,0403(102).mp4
28,student,0403(103).mp4
28,student,KrishnarajStudent1.mp4
28,student,KrishnarajStudent2.mp4
28,student,KrishnarajStudent3.mp4
28,student,manideepstudent-1.mp4
28,student,manideepstudent-2.mp4
28,student,manideepstudent3.mp4
28,student,Student -1.mp4
28,student,Student -2.mp4
28,student,Student -3.mp4
28,student,Student 1(1).mp4
28,student,STUDENT 1.mp4
28,student,Student 2(1).mp4
28,student,STUDENT 2.mp4
28,student,Student 3(1).mp4
28,student,STUDENT 3.mp4
29,study,0403(104).mp4
29,study,0403(105).mp4
29,study,0403(106).mp4
29,study,KrishnarajStudy1.mp4
29,study,KrishnarajStudy2.mp4
29,study,KrishnarajStudy3.mp4
29,study,manideepstudy-1.mp4
29,study,manideepstudy-2.mp4
29,study,manideepstudy-3.mp4
29,study,Study -1.mp4
29,study,Study -2.mp4
29,study,Study -3.mp4
29,study,STUDY 01.mp4
29,study,Study 1.mp4
29,study,Study 2(1).mp4
29,study,STUDY 2.mp4
29,study,Study 3(1).mp4
29,study,STUDY 3.mp4
30,teacher,0403(107).mp4
30,teacher,0403(108).mp4
30,teacher,0403(109).mp4
30,teacher,manideepteacher-1.mp4
30,teacher,manideepteacher-2.mp4
30,teacher,manideepteacher-3.mp4
30,teacher,Teacher -1.mp4
30,teacher,Teacher -2.mp4
30,teacher,Teacher -3.mp4
30,teacher,Teacher 1(1).mp4
30,teacher,TEACHER 1.mp4
30,teacher,Teacher 2(1).mp4
30,teacher,TEACHER 2.mp4
30,teacher,Teacher 3(1).mp4
30,teacher,TEACHER 3.mp4
31,thankyou,0403(110).mp4
31,thankyou,0403(111).mp4
31,thankyou,0403(112).mp4
31,thankyou,KrishnarajThankyou1.mp4
31,thankyou,KrishnarajThankyou2.mp4
31,thankyou,KrishnarajThankyou3.mp4
31,thankyou,manideepthankyou-1.mp4
31,thankyou,manideepthankyou-2.mp4
31,thankyou,manideepthankyou-3.mp4
31,thankyou,Thank you 1.mp4
31,thankyou,Thank you 2.mp4
31,thankyou,Thank you 3.mp4
31,thankyou,Thankyou -1.mp4
31,thankyou,Thankyou -2.mp4
31,thankyou,Thankyou -3.mp4
31,thankyou,THANKYOU 1.mp4
31,thankyou,THANKYOU 2.mp4
31,thankyou,THANKYOU 3.mp4
32,today,0403(116).mp4
32,today,0403(117).mp4
32,today,0403(118).mp4
32,today,krishnarajtoday_1.mp4
32,today,krishnarajtoday_2.mp4
32,today,krishnarajtoday_3.mp4
32,today,manideeptoday-1.mp4
32,today,manideeptoday-2.mp4
32,today,manideeptoday-3.mp4
32,today,Today -1.mp4
32,today,Today -2.mp4
32,today,Today -3.mp4
32,today,Today 1(1).mp4
32,today,TODAY 1.mp4
32,today,TODAY 2.mp4
32,today,TODAY 3.mp4
32,today,Today2.mp4
32,today,Today3.mp4
33,cow,0403(3).mp4
33,cow,0403(4).mp4
33,cow,0403(5).mp4
33,cow,Cow -1.mp4
33,cow,Cow-2.mp4
33,cow,Cow-3.mp4
33,cow,Cow1.mp4
33,cow,Cow2.mp4
33,cow,Cow3.mp4
33,cow,krishnarajcow.mp4
33,cow,krishnarajcow_1.mp4
33,cow,krishnarajcow_2.mp4
33,cow,manideepcow-1.mp4
33,cow,manideepcow-2.mp4
33,cow,manideepcow-3.mp4
33,cow,NachikethCow1.mp4
33,cow,NachikethCow2.mp4
33,cow,NachikethCow3.mp4
34,tommorow,0403(119).mp4
34,tommorow,0403(120).mp4
34,tommorow,0403(121).mp4
34,tommorow,krishnarajtommorow_1.mp4
34,tommorow,krishnarajtommorow_2.mp4
34,tommorow,krishnarajtommorow_3.mp4
34,tommorow,manideeptomorrow-1.mp4
34,tommorow,manideeptomorrow-2.mp4
34,tommorow,manideeptomorrow-3.mp4
34,tommorow,Tomorrow -1.mp4
34,tommorow,Tomorrow -2.mp4
34,tommorow,Tomorrow -3.mp4
34,tommorow,Tomorrow 1(1).mp4
34,tommorow,TOMORROW 1.mp4
34,tommorow,Tomorrow 2(1).mp4
34,tommorow,TOMORROW 2.mp4
34,tommorow,Tomorrow 3(1).mp4
34,tommorow,TOMORROW 3.mp4
35,welcome,0403(122).mp4
35,welcome,0403(123).mp4
35,welcome,0403(124).mp4
35,welcome,krishnarajwelcome_1.mp4
35,welcome,krishnarajwelcome_2.mp4
35,welcome,krishnarajwelcome_3.mp4
35,welcome,manideepwelcome-1.mp4
35,welcome,manideepwelcome-2.mp4
35,welcome,manideepwelcome-3.mp4
35,welcome,Welcome -1.mp4
35,welcome,Welcome -2.mp4
35,welcome,Welcome -3.mp4
35,welcome,Welcome 1(1).mp4
35,welcome,WELCOME 1.mp4
35,welcome,Welcome 2(1).mp4
35,welcome,WELCOME 2.mp4
35,welcome,Welcome 3(1).mp4
35,welcome,WELCOME 3.mp4
36,work,0403(125).mp4
36,work,0403(126).mp4
36,work,0403(127).mp4
36,work,krishnarajwork_1.mp4
36,work,krishnarajwork_2.mp4
36,work,krishnarajwork_3.mp4
36,work,manideepwork-1.mp4
36,work,manideepwork-2.mp4
36,work,manideepwork-3.mp4
36,work,Work -1.mp4
36,work,Work -2.mp4
36,work,Work -3.mp4
36,work,WORK 1.mp4
36,work,Work 2(1).mp4
36,work,WORK 2.mp4
36,work,WORK 3.mp4
36,work,Work1.mp4
36,work,Work3.mp4
37,yesterday,0403(131).mp4
37,yesterday,0403(132).mp4
37,yesterday,0403(133).mp4
37,yesterday,krishnarajyesterday_1.mp4
37,yesterday,krishnarajyesterday_2.mp4
37,yesterday,krishnarajyesterday_3.mp4
37,yesterday,manideepyesterday-1.mp4
37,yesterday,manideepyesterday-2.mp4
37,yesterday,manideepyesterday-3.mp4
37,yesterday,Yesterday -1.mp4
37,yesterday,Yesterday -2.mp4
37,yesterday,Yesterday -3.mp4
37,yesterday,Yesterday 1(1).mp4
37,yesterday,YESTERDAY 1.mp4
37,yesterday,Yesterday 2(1).mp4
37,yesterday,YESTERDAY 2.mp4
37,yesterday,Yesterday 3(1).mp4
37,yesterday,YESTERDAY 3.mp4
38,teeth,0403(134).mp4
38,teeth,0403(135).mp4
38,teeth,0403(136).mp4
38,teeth,KrishnarajTeeth1.mp4
38,teeth,KrishnarajTeeth2.mp4
38,teeth,KrishnarajTeeth3.mp4
38,teeth,manideepteeth-1.mp4
38,teeth,manideepteeth-2.mp4
38,teeth,manideepteeth-3.mp4
38,teeth,Teeth -1.mp4
38,teeth,Teeth -2.mp4
38,teeth,TEETH 1.mp4
38,teeth,Teeth 2(1).mp4
38,teeth,TEETH 2.mp4
38,teeth,Teeth 3(1).mp4
38,teeth,TEETH 3.mp4
38,teeth,Teeth-3.mp4
38,teeth,Teeth1.mp4
39,hand,0403(128).mp4
39,hand,0403(129).mp4
39,hand,0403(130).mp4
39,hand,Hand -1.mp4
39,hand,Hand -3.mp4
39,hand,HAND 1.mp4
39,hand,HAND 2.mp4
39,hand,HAND 3.mp4
39,hand,Hand-2.mp4
39,hand,Hand1.mp4
39,hand,Hand2.mp4
39,hand,Hand3.mp4
39,hand,krishnarajhand3.mp4
39,hand,krishnarajhand_1.mp4
39,hand,krishnarajhand_2.mp4
39,hand,manideephand-1.mp4
39,hand,manideephand-2.mp4
39,hand,manideephand-3.mp4
40,write,0403(137).mp4
40,write,0403(138).mp4
40,write,0403(139).mp4
40,write,Krish3narajWrite.mp4
40,write,KrishnarajWrite1.mp4
40,write,KrishnarajWrite2.mp4
40,write,manideepwrite-1.mp4
40,write,manideepwrite-2.mp4
40,write,manideepwrite-3.mp4
40,write,Write -1.mp4
40,write,Write -2.mp4
40,write,Write -3.mp4
40,write,WRITE 1.mp4
40,write,WRITE 2.mp4
40,write,Write 3(1).mp4
40,write,WRITE 3.mp4
40,write,Write1.mp4
40,write,Write2.mp4
41,umberlla,KrishnarajUmbrella1.mp4
41,umberlla,KrishnarajUmbrella2.mp4
41,umberlla,KrishnarajUmbrella3.mp4
41,umberlla,manideepumbrella-1.mp4
41,umberlla,manideepumbrella-2.mp4
41,umberlla,manideepumbrella-3.mp4
41,umberlla,UMBRELLA 1.mp4
41,umberlla,Umbrella 2(1).mp4
41,umberlla,UMBRELLA 2.mp4
41,umberlla,Umbrella 3(1).mp4
41,umberlla,UMBRELLA 3.mp4
41,umberlla,Umbrella-1.mp4
41,umberlla,Umbrella-2.mp4
41,umberlla,Umbrella-3.mp4
41,umberlla,Umbrella1.mp4
42,ring,0403(140).mp4
42,ring,0403(141).mp4
42,ring,0403(142).mp4
42,ring,KrishnarajRing1.mp4
42,ring,KrishnarajRing2.mp4
42,ring,KrishnarajRing3.mp4
42,ring,manideepring-1.mp4
42,ring,manideepring-2.mp4
42,ring,manideepring-3.mp4
42,ring,RING 1.mp4
42,ring,RING 2.mp4
42,ring,Ring 3(1).mp4
42,ring,RING 3.mp4
42,ring,Ring-1.mp4
42,ring,Ring-2.mp4
42,ring,Ring-3.mp4
42,ring,Ring1.mp4
42,ring,Ring2.mp4
43,dog,0403(6).mp4
43,dog,0403(7).mp4
43,dog,0403(8).mp4
43,dog,Dog-1.mp4
43,dog,Dog-2.mp4
43,dog,Dog-3.mp4
43,dog,Dog1.mp4
43,dog,Dog2.mp4
43,dog,Dog3.mp4
43,dog,krishnarajdog.mp4
43,dog,krishnarajdog_1.mp4
43,dog,krishnarajdog_2.mp4
43,dog,manideepdog-1.mp4
43,dog,manideepdog-2.mp4
43,dog,manideepdog-3.mp4
43,dog,NachikethDog2.mp4
44,power,KrishnarajPower1.mp4
44,power,KrishnarajPower2.mp4
44,power,KrishnarajPower3.mp4
44,power,manideeppower-1.mp4
44,power,manideeppower-2.mp4
44,power,manideeppower-3.mp4
44,power,Power -1.mp4
44,power,Power -2.mp4
44,power,Power -3.mp4
44,power,Power 1(1).mp4
44,power,POWER 1.mp4
44,power,Power 2(1).mp4
44,power,POWER 2.mp4
44,power,Power 3(1).mp4
44,power,POWER 3.mp4
45,fish,0403(10).mp4
45,fish,0403(11).mp4
45,fish,0403(9).mp4
45,fish,Fish -1.mp4
45,fish,Fish -2.mp4
45,fish,Fish -3.mp4
45,fish,Fish 2.mp4
45,fish,Fish 3.mp4
45,fish,Fish1.mp4
45,fish,krishnarajfish1.mp4
45,fish,krishnarajfish2.mp4
45,fish,krishnarajfish3.mp4
45,fish,manideepfish-1.mp4
45,fish,manideepfish-2.mp4
45,fish,manideepfish-3.mp4
45,fish,NachikethFish1.mp4
45,fish,NachikethFish2.mp4
45,fish,NachikethFish3.mp4
46,goodmorning,0403(12).mp4
46,goodmorning,0403(13).mp4
46,goodmorning,0403(14).mp4
46,goodmorning,Good morning -1.mp4
46,goodmorning,Good morning -2.mp4
46,goodmorning,Good morning -3.mp4
46,goodmorning,Good morning 1.mp4
46,goodmorning,Good morning 2.mp4
46,goodmorning,Good morning 3.mp4
46,goodmorning,krishnarajgoodmorning.mp4
46,goodmorning,krishnarajgoodmorning_1.mp4
46,goodmorning,krishnarajgoodmorning_2.mp4
46,goodmorning,manideepgoodmorning-1.mp4
46,goodmorning,manideepgoodmorning-2.mp4
46,goodmorning,manideepgoodmorning-3.mp4
46,goodmorning,NachikethGoodMorning1.mp4
46,goodmorning,NachikethGoodMorning2.mp4
46,goodmorning,NachikethGoodMorning3.mp4
47,grey,0403(15).mp4
47,grey,0403(16).mp4
47,grey,0403(17).mp4
47,grey,Grey -1.mp4
47,grey,Grey -2.mp4
47,grey,Grey -3.mp4
47,grey,Grey1.mp4
47,grey,Grey2.mp4
47,grey,Grey3.mp4
47,grey,krishnarajgrey.mp4
47,grey,krishnarajgrey_1.mp4
47,grey,krishnarajgrey_2.mp4
47,grey,manideepgrey-1.mp4
47,grey,manideepgrey-2.mp4
47,grey,manideepgrey-3.mp4
47,grey,NachikethGrey1.mp4
47,grey,NachikethGrey2.mp4
47,grey,NachikethGrey3.mp4
48,hello,0403(18).mp4
48,hello,0403(19).mp4
48,hello,0403(20).mp4
48,hello,Hello -1.mp4
48,hello,Hello -2.mp4
48,hello,Hello -3.mp4
48,hello,Hello1.mp4
48,hello,Hello2.mp4
48,hello,Hello3.mp4
48,hello,krishnarajhello.mp4
48,hello,krishnarajhello_1.mp4
48,hello,krishnarajhello_2.mp4
48,hello,manideephello-1.mp4
48,hello,manideephello-2.mp4
48,hello,manideephello-3.mp4
48,hello,NachikethHello1.mp4
48,hello,NachikethHello2.mp4
48,hello,Nachikethhello3.mp4
