class_id,label,video_name,frame_count,fps,width,height,duration_seconds
1,bird,0403(77).mp4,57,30.0,1908,1080,1.9
1,bird,0403(78).mp4,83,30.0,1908,1080,2.7666666666666666
1,bird,0403.mp4,83,30.0,1908,1080,2.7666666666666666
1,bird,Bird -1.mp4,134,30.0,1280,720,4.466666666666667
1,bird,Bird -2.mp4,115,30.0,1280,720,3.8333333333333335
1,bird,Bird -3.mp4,115,30.0,1280,720,3.8333333333333335
1,bird,Bird1.mp4,100,30.0,1272,720,3.3333333333333335
1,bird,Bird2.mp4,116,30.0,1272,720,3.8666666666666667
1,bird,Bird3.mp4,116,30.0,1272,720,3.8666666666666667
1,bird,NachikethBird1.mp4,90,29.990669569467276,474,850,3.0009333333333337
1,bird,NachikethBird2.mp4,72,29.990836133403683,474,850,2.400733333333333
1,bird,NachikethBird3.mp4,91,29.99011314951115,474,850,3.0343333333333335
1,bird,krishnarajbird.mp4,100,30.003000300030003,1920,1080,3.333
1,bird,krishnarajbird_2.mp4,85,30.003529827038474,1920,1080,2.833
1,bird,krishnarajbird_3.mp4,81,29.988893002591634,1920,1080,2.7009999999999996
1,bird,manideepbird-1.mp4,68,30.0,472,850,2.2666666666666666
1,bird,manideepbird-2.mp4,93,30.0,472,850,3.1
1,bird,manideepbird-3.mp4,134,30.0,472,850,4.466666666666667
2,black,0403(80).mp4,56,30.0,1908,1080,1.8666666666666667
2,black,0403(81).mp4,63,30.0,1908,1080,2.1
2,black,0403(82).mp4,72,30.0,1908,1080,2.4
2,black,Black -1.mp4,86,30.0,1280,720,2.8666666666666667
2,black,Black -2.mp4,86,30.0,1280,720,2.8666666666666667
2,black,Black -3.mp4,86,30.0,1280,720,2.8666666666666667
2,black,Black1.mp4,66,30.0,1272,720,2.2
2,black,Black2.mp4,74,30.0,1272,720,2.466666666666667
2,black,Black3.mp4,69,30.0,1272,720,2.3
2,black,NachikethBlack1.mp4,85,29.990826335473855,474,850,2.8342
2,black,NachikethBlack2.mp4,133,29.989627647580537,474,850,4.434866666666666
2,black,NachikethBlack3.mp4,101,29.989607561736033,474,850,3.367833333333333
2,black,krishnarajblack.mp4,50,30.012004801920767,1920,1080,1.6660000000000001
2,black,krishnarajblack_1.mp4,56,30.010718113612004,1920,1080,1.866
2,black,krishnarajblack_2.mp4,66,29.986369831894592,1920,1080,2.201
2,black,manideepblack-1.mp4,53,30.0,472,850,1.7666666666666666
2,black,manideepblack-2.mp4,77,30.0,472,850,2.566666666666667
2,black,manideepblack-3.mp4,92,30.0,472,850,3.066666666666667
3,cat,0403(1).mp4,68,30.0,1920,1080,2.2666666666666666
3,cat,0403(2).mp4,95,30.0,1920,1080,3.1666666666666665
3,cat,0403.mp4,70,30.0,1920,1080,2.3333333333333335
3,cat,Cat-1.mp4,78,30.0,1280,720,2.6
3,cat,Cat-2.mp4,83,30.0,1280,720,2.7666666666666666
3,cat,Cat-3.mp4,83,30.0,1280,720,2.7666666666666666
3,cat,Cat1.mp4,89,30.0,1272,720,2.966666666666667
3,cat,Cat2.mp4,90,30.0,1272,720,3.0
3,cat,Cat3.mp4,90,30.0,1272,720,3.0
3,cat,NachikethCat1.mp4,80,29.99025316772049,474,850,2.6675333333333335
3,cat,NachikethCat2.mp4,90,29.990669569467276,474,850,3.0009333333333337
3,cat,NachikethCat3.mp4,126,29.98976539752307,474,850,4.201433333333333
3,cat,krishnarajcat.mp4,89,30.006743088334456,1920,1080,2.966
3,cat,krishnarajcat_1.mp4,86,30.006978367062107,1920,1080,2.866
3,cat,krishnarajcat_2.mp4,69,29.98696219035202,1920,1080,2.301
3,cat,manideepcat-1.mp4,92,29.01079495884882,472,850,3.1712333333333333
3,cat,manideepcat-2.mp4,93,29.01052281329285,472,850,3.2057333333333333
3,cat,manideepcat-3.mp4,55,29.0181319357732,472,850,1.8953666666666666
4,cow,0403(3).mp4,70,30.0,1920,1080,2.3333333333333335
4,cow,0403(4).mp4,83,30.0,1920,1080,2.7666666666666666
4,cow,0403(5).mp4,88,30.0,1920,1080,2.933333333333333
4,cow,Cow -1.mp4,86,30.0,1280,720,2.8666666666666667
4,cow,Cow-2.mp4,85,30.0,1280,720,2.8333333333333335
4,cow,Cow-3.mp4,85,30.0,1280,720,2.8333333333333335
4,cow,Cow1.mp4,85,30.0,1272,720,2.8333333333333335
4,cow,Cow2.mp4,108,30.0,1272,720,3.6
4,cow,Cow3.mp4,80,30.0,1272,720,2.6666666666666665
4,cow,NachikethCow1.mp4,111,29.989193083573486,474,850,3.7013333333333334
4,cow,NachikethCow2.mp4,109,29.989544929290705,474,850,3.6346000000000003
4,cow,NachikethCow3.mp4,104,29.98933071887886,474,850,3.4678999999999998
4,cow,krishnarajcow.mp4,90,29.990003332222592,1920,1080,3.001
4,cow,krishnarajcow_1.mp4,71,30.00845308537616,1920,1080,2.366
4,cow,krishnarajcow_2.mp4,99,29.990911844895486,1920,1080,3.301
4,cow,manideepcow-1.mp4,83,30.0,478,850,2.7666666666666666
4,cow,manideepcow-2.mp4,82,30.0,478,850,2.7333333333333334
4,cow,manideepcow-3.mp4,70,30.0,478,850,2.3333333333333335
5,dog,0403(6).mp4,58,30.0,1920,1080,1.9333333333333333
5,dog,0403(7).mp4,76,30.0,1920,1080,2.533333333333333
5,dog,0403(8).mp4,79,30.0,1920,1080,2.6333333333333333
5,dog,Dog-1.mp4,88,30.0,1280,720,2.933333333333333
5,dog,Dog-2.mp4,85,30.0,1280,720,2.8333333333333335
5,dog,Dog-3.mp4,81,30.0,1280,720,2.7
5,dog,Dog1.mp4,96,30.0,1280,720,3.2
5,dog,Dog2.mp4,134,30.0,1280,720,4.466666666666667
5,dog,Dog3.mp4,108,30.0,1280,720,3.6
5,dog,NachikethDog2.mp4,164,29.989211198410327,474,850,5.468633333333333
5,dog,krishnarajdog.mp4,83,30.007230657989876,1920,1080,2.766
5,dog,krishnarajdog_1.mp4,108,29.991668980838657,1920,1080,3.601
5,dog,krishnarajdog_2.mp4,87,29.98965873836608,1920,1080,2.901
5,dog,manideepdog-1.mp4,109,30.0,472,850,3.6333333333333333
5,dog,manideepdog-2.mp4,106,30.0,472,850,3.533333333333333
5,dog,manideepdog-3.mp4,67,30.0,472,850,2.2333333333333334
6,fish,0403(10).mp4,100,30.0,1920,1080,3.3333333333333335
6,fish,0403(11).mp4,114,30.0,1920,1080,3.8
6,fish,0403(9).mp4,87,30.0,1920,1080,2.9
6,fish,Fish -1.mp4,114,30.0,1280,720,3.8
6,fish,Fish -2.mp4,97,30.0,1280,720,3.2333333333333334
6,fish,Fish -3.mp4,99,30.0,1280,720,3.3
6,fish,Fish 2.mp4,102,30.0,1280,720,3.4
6,fish,Fish 3.mp4,102,30.0,1280,720,3.4
6,fish,Fish1.mp4,69,30.0,1280,720,2.3
6,fish,NachikethFish1.mp4,86,29.990235737201843,474,850,2.8676
6,fish,NachikethFish2.mp4,80,29.99025316772049,474,850,2.6675333333333335
6,fish,NachikethFish3.mp4,83,29.989160544381548,474,850,2.767666666666667
6,fish,krishnarajfish1.mp4,134,30.259691381257056,848,480,4.428333333333334
6,fish,krishnarajfish2.mp4,86,29.930394431554525,848,480,2.873333333333333
6,fish,krishnarajfish3.mp4,84,30.1255230125523,848,480,2.7883333333333336
6,fish,manideepfish-1.mp4,94,30.0,472,850,3.1333333333333333
6,fish,manideepfish-2.mp4,119,30.0,472,850,3.966666666666667
6,fish,manideepfish-3.mp4,74,30.0,472,850,2.466666666666667
7,goodmorning,0403(12).mp4,49,30.0,1920,1080,1.6333333333333333
7,goodmorning,0403(13).mp4,65,30.0,1920,1080,2.1666666666666665
7,goodmorning,0403(14).mp4,61,30.0,1920,1080,2.033333333333333
7,goodmorning,Good morning -1.mp4,95,30.0,1280,720,3.1666666666666665
7,goodmorning,Good morning -2.mp4,78,30.0,1280,720,2.6
7,goodmorning,Good morning -3.mp4,65,30.0,1280,720,2.1666666666666665
7,goodmorning,Good morning 1.mp4,104,30.0,1272,720,3.466666666666667
7,goodmorning,Good morning 2.mp4,104,30.0,1272,720,3.466666666666667
7,goodmorning,Good morning 3.mp4,78,30.0,1272,720,2.6
7,goodmorning,NachikethGoodMorning1.mp4,99,29.990306163664272,474,850,3.3010666666666664
7,goodmorning,NachikethGoodMorning2.mp4,88,29.990457581678555,474,850,2.934266666666667
7,goodmorning,NachikethGoodMorning3.mp4,92,29.990220580245573,474,850,3.0676666666666668
7,goodmorning,krishnarajgoodmorning.mp4,71,30.00845308537616,1920,1080,2.366
7,goodmorning,krishnarajgoodmorning_1.mp4,60,29.985007496251875,1920,1080,2.001
7,goodmorning,krishnarajgoodmorning_2.mp4,75,29.988004798080766,1920,1080,2.5010000000000003
7,goodmorning,manideepgoodmorning-1.mp4,86,30.0,472,850,2.8666666666666667
7,goodmorning,manideepgoodmorning-2.mp4,61,30.0,472,850,2.033333333333333
7,goodmorning,manideepgoodmorning-3.mp4,49,30.0,472,850,1.6333333333333333
8,grey,0403(15).mp4,83,30.0,1920,1080,2.7666666666666666
8,grey,0403(16).mp4,66,30.0,1920,1080,2.2
8,grey,0403(17).mp4,83,30.0,1920,1080,2.7666666666666666
8,grey,Grey -1.mp4,100,30.0,1280,720,3.3333333333333335
8,grey,Grey -2.mp4,110,30.0,1280,720,3.6666666666666665
8,grey,Grey -3.mp4,117,30.0,1280,720,3.9
8,grey,Grey1.mp4,89,30.0,1272,720,2.966666666666667
8,grey,Grey2.mp4,114,30.0,1272,720,3.8
8,grey,Grey3.mp4,90,30.0,1272,720,3.0
8,grey,NachikethGrey1.mp4,101,29.989607561736033,474,850,3.367833333333333
8,grey,NachikethGrey2.mp4,99,29.990306163664272,474,850,3.3010666666666664
8,grey,NachikethGrey3.mp4,102,29.989121593147583,474,850,3.4012333333333333
8,grey,krishnarajgrey.mp4,85,30.003529827038474,1920,1080,2.833
8,grey,krishnarajgrey_1.mp4,91,30.003297065611605,1920,1080,3.033
8,grey,krishnarajgrey_2.mp4,81,29.988893002591634,1920,1080,2.7009999999999996
8,grey,manideepgrey-1.mp4,88,30.0,472,850,2.933333333333333
8,grey,manideepgrey-2.mp4,64,30.0,472,850,2.1333333333333333
8,grey,manideepgrey-3.mp4,58,30.0,472,850,1.9333333333333333
9,hello,0403(18).mp4,72,30.0,1920,1080,2.4
9,hello,0403(19).mp4,62,30.0,1920,1080,2.066666666666667
9,hello,0403(20).mp4,59,30.0,1920,1080,1.9666666666666666
9,hello,Hello -1.mp4,97,30.0,1280,720,3.2333333333333334
9,hello,Hello -2.mp4,87,30.0,1280,720,2.9
9,hello,Hello -3.mp4,91,30.0,1280,720,3.033333333333333
9,hello,Hello1.mp4,52,30.0,1272,720,1.7333333333333334
9,hello,Hello2.mp4,90,30.0,1272,720,3.0
9,hello,Hello3.mp4,73,30.0,1272,720,2.433333333333333
9,hello,NachikethHello1.mp4,100,29.9895036737142,474,850,3.3345
9,hello,NachikethHello2.mp4,102,29.989121593147583,474,850,3.4012333333333333
9,hello,Nachikethhello3.mp4,107,29.712593141111675,474,850,3.601166666666667
9,hello,krishnarajhello.mp4,77,30.00779423226812,1920,1080,2.566
9,hello,krishnarajhello_1.mp4,90,29.990003332222592,1920,1080,3.001
9,hello,krishnarajhello_2.mp4,86,30.006978367062107,1920,1080,2.866
9,hello,manideephello-1.mp4,87,30.0,472,850,2.9
9,hello,manideephello-2.mp4,55,30.0,472,850,1.8333333333333333
9,hello,manideephello-3.mp4,48,30.0,472,850,1.6
10,youareperfect,0403(21).mp4,61,30.0,1920,1080,2.033333333333333
10,youareperfect,0403(22).mp4,67,30.0,1920,1080,2.2333333333333334
10,youareperfect,0403(23).mp4,63,30.0,1920,1080,2.1
10,youareperfect,NachikethYouArePerfect1.mp4,94,29.99042858662129,474,850,3.134333333333333
10,youareperfect,NachikethYouArePerfect2.mp4,104,29.990195513005364,474,850,3.4678
10,youareperfect,NachikethYouArePerfect3.mp4,110,29.989367406101472,474,850,3.6679666666666666
10,youareperfect,You Are Perfect_1.mp4,77,30.508642464464366,480,854,2.523875
10,youareperfect,You Are Perfect_2.mp4,75,30.800176259142006,480,854,2.435051
10,youareperfect,You Are Perfect_3.mp4,88,30.59466999128747,480,854,2.876318
10,youareperfect,You are perfect -1.mp4,93,30.0,1280,720,3.1
10,youareperfect,You are perfect -2.mp4,95,30.0,1280,720,3.1666666666666665
10,youareperfect,You are perfect -3.mp4,93,30.0,1280,720,3.1
10,youareperfect,You are perfect 1.mp4,80,30.0,1272,720,2.6666666666666665
10,youareperfect,You are perfect 2.mp4,112,30.0,1272,720,3.7333333333333334
10,youareperfect,You are perfect 3.mp4,91,30.0,1272,720,3.033333333333333
10,youareperfect,krishnarajyouareperfect.mp4,104,30.005770340450088,1920,1080,3.4659999999999997
10,youareperfect,krishnarajyouareperfect_1.mp4,123,29.992684711046085,1920,1080,4.101
10,youareperfect,krishnarajyouareperfect_2.mp4,113,30.005310674455657,1920,1080,3.766
10,youareperfect,manideepyouareperfect-1.mp4,115,30.0,472,850,3.8333333333333335
10,youareperfect,manideepyouareperfect-2.mp4,87,30.0,472,850,2.9
10,youareperfect,manideepyouareperfect-3.mp4,80,30.0,472,850,2.6666666666666665
11,monsoon,0403(24).mp4,71,30.0,1920,1080,2.3666666666666667
11,monsoon,0403(25).mp4,70,30.0,1920,1080,2.3333333333333335
11,monsoon,0403(26).mp4,76,30.0,1920,1080,2.533333333333333
11,monsoon,Monsoon -1.mp4,104,30.0,1280,720,3.466666666666667
11,monsoon,Monsoon -2.mp4,89,30.0,1280,720,2.966666666666667
11,monsoon,Monsoon -3.mp4,83,30.0,1280,720,2.7666666666666666
11,monsoon,Monsoon 1.mp4,61,30.0,1272,720,2.033333333333333
11,monsoon,Monsoon 2.mp4,95,30.0,1272,720,3.1666666666666665
11,monsoon,Monsoon 3.mp4,80,30.0,1272,720,2.6666666666666665
11,monsoon,Monsoon_1.mp4,64,30.840549540042115,480,854,2.07519
11,monsoon,Monsoon_2.mp4,77,30.795528489263358,480,854,2.500363
11,monsoon,Monsoon_3.mp4,78,30.781677009441687,480,854,2.533975
11,monsoon,NachikethMonsoon1.mp4,89,29.990564766140988,474,850,2.9676
11,monsoon,NachikethMonsoon2.mp4,93,29.989358614685113,474,850,3.1010999999999997
11,monsoon,NachikethMonsoon3.mp4,93,29.99032570138665,474,850,3.101
11,monsoon,krishnarajmonsoon.mp4,80,30.00750187546887,1920,1080,2.666
11,monsoon,krishnarajmonsoon_1.mp4,88,30.003409478349813,1920,1080,2.933
11,monsoon,krishnarajmonsoon_2.mp4,75,29.988004798080766,1920,1080,2.5010000000000003
11,monsoon,manideepmonsoon-1.mp4,103,30.0,472,850,3.433333333333333
11,monsoon,manideepmonsoon-2.mp4,79,30.0,472,850,2.6333333333333333
11,monsoon,manideepmonsoon-3.mp4,56,30.0,472,850,1.8666666666666667
12,afternoon,0403(83).mp4,41,30.0,1908,1080,1.3666666666666667
12,afternoon,0403(84).mp4,64,30.0,1908,1080,2.1333333333333333
12,afternoon,0403(85).mp4,65,30.0,1908,1080,2.1666666666666665
12,afternoon,Afternoon -1.mp4,66,30.0,1280,720,2.2
12,afternoon,Afternoon -2.mp4,77,30.0,1280,720,2.566666666666667
12,afternoon,Afternoon -3.mp4,66,30.0,1280,720,2.2
12,afternoon,Afternoon 1.mp4,98,30.0,1280,720,3.2666666666666666
12,afternoon,Afternoon 2.mp4,98,30.0,1280,720,3.2666666666666666
12,afternoon,Afternoon 3.mp4,71,30.0,1280,720,2.3666666666666667
12,afternoon,Afternoon_1.mp4,73,30.783568321599734,848,480,2.371395
12,afternoon,Afternoon_2.mp4,70,30.785861900780684,848,480,2.273771
12,afternoon,Afternoon_3.mp4,64,30.66347127743063,848,480,2.087174
12,afternoon,manideepafternoon-1.mp4,70,30.0,848,478,2.3333333333333335
12,afternoon,manideepafternoon-2.mp4,47,30.0,848,478,1.5666666666666667
12,afternoon,manideepafternoon-3.mp4,41,30.0,848,478,1.3666666666666667
13,angry,0403(27).mp4,49,30.0,1920,1080,1.6333333333333333
13,angry,0403(28).mp4,84,30.0,1920,1080,2.8
13,angry,0403(29).mp4,70,30.0,1920,1080,2.3333333333333335
13,angry,Angry -1.mp4,114,30.0,1280,720,3.8
13,angry,Angry -2.mp4,106,30.0,1280,720,3.533333333333333
13,angry,Angry -3.mp4,114,30.0,1280,720,3.8
13,angry,Angry 1.mp4,84,30.0,1280,720,2.8
13,angry,Angry 2.mp4,113,30.0,1280,720,3.7666666666666666
13,angry,Angry 3.mp4,94,30.0,1280,720,3.1333333333333333
13,angry,Angry_1.mp4,58,30.809814732084757,848,480,1.882517
13,angry,Angry_2.mp4,66,30.709629748883636,848,480,2.149163
13,angry,Angry_3.mp4,86,30.571440657812087,848,480,2.8130830000000002
13,angry,krishnarajangry1.mp4,98,30.371900826446282,848,480,3.2266666666666666
13,angry,krishnarajangry2.mp4,84,29.473684210526315,848,480,2.85
13,angry,krishnarajangry3.mp4,75,29.801324503311257,848,480,2.5166666666666666
13,angry,manideepangry-1.mp4,103,30.0,1280,720,3.433333333333333
13,angry,manideepangry-2.mp4,100,30.0,1280,720,3.3333333333333335
13,angry,manideepangry-3.mp4,52,30.0,1280,720,1.7333333333333334
14,bad,0403(30).mp4,48,30.0,1920,1080,1.6
14,bad,0403(31).mp4,54,30.0,1920,1080,1.8
14,bad,0403(32).mp4,54,30.0,1920,1080,1.8
14,bad,Bad -1.mp4,79,30.0,1280,720,2.6333333333333333
14,bad,Bad -2.mp4,81,30.0,1280,720,2.7
14,bad,Bad -3.mp4,81,30.0,1280,720,2.7
14,bad,Bad1.mp4,100,30.0,1280,720,3.3333333333333335
14,bad,Bad2.mp4,100,30.0,1280,720,3.3333333333333335
14,bad,Bad3.mp4,100,30.0,1280,720,3.3333333333333335
14,bad,Bad_1.mp4,56,30.94668107897814,848,480,1.809564
14,bad,Bad_2.mp4,61,30.877273972027215,848,480,1.975563
14,bad,Bad_3.mp4,54,31.14934147984753,848,480,1.733584
14,bad,krishnarajbad1.mp4,75,29.801324503311257,848,480,2.5166666666666666
14,bad,krishnarajbad2.mp4,62,29.594272076372317,848,480,2.0949999999999998
14,bad,krishnarajbad3.mp4,62,29.594272076372317,848,480,2.0949999999999998
14,bad,manideepbad-1.mp4,74,30.0,848,478,2.466666666666667
14,bad,manideepbad-2.mp4,68,30.0,848,478,2.2666666666666666
14,bad,manideepbad-3.mp4,53,30.0,848,478,1.7666666666666666
15,boy,0403(33).mp4,63,30.0,1908,1080,2.1
15,boy,0403(34).mp4,97,30.0,1908,1080,3.2333333333333334
15,boy,0403(35).mp4,69,30.0,1908,1080,2.3
15,boy,Boy -1.mp4,97,30.0,1280,720,3.2333333333333334
15,boy,Boy -2.mp4,97,30.0,1280,720,3.2333333333333334
15,boy,Boy -3.mp4,105,30.0,1280,720,3.5
15,boy,Boy1.mp4,86,30.0,1280,720,2.8666666666666667
15,boy,Boy2.mp4,110,30.0,1280,720,3.6666666666666665
15,boy,Boy3.mp4,106,30.0,1280,720,3.533333333333333
15,boy,Boy_1.mp4,56,30.939670956599375,848,480,1.809974
15,boy,Boy_2.mp4,76,30.45735729525843,848,480,2.495292
15,boy,Boy_3.mp4,79,30.456128717623496,848,480,2.593895
15,boy,krishnarajboy1.mp4,94,29.936305732484076,848,480,3.14
15,boy,krishnarajboy2.mp4,116,29.92261392949269,848,480,3.876666666666667
15,boy,krishnarajboy3.mp4,123,30.0,848,480,4.1
15,boy,manideepboy-1.mp4,66,30.0,848,478,2.2
15,boy,manideepboy-2.mp4,61,30.0,848,478,2.033333333333333
15,boy,manideepboy-3.mp4,88,30.0,848,478,2.933333333333333
16,eat,0403(36).mp4,89,30.0,1908,1080,2.966666666666667
16,eat,0403(37).mp4,81,30.0,1908,1080,2.7
16,eat,0403(38).mp4,26,30.0,1908,1080,0.8666666666666667
16,eat,Eat -1.mp4,77,30.0,1280,720,2.566666666666667
16,eat,Eat -2.mp4,77,30.0,1280,720,2.566666666666667
16,eat,Eat -3.mp4,69,30.0,1280,720,2.3
16,eat,Eat_1.mp4,45,31.08870574954524,848,480,1.447471
16,eat,Eat_2.mp4,58,30.924707401615443,848,480,1.875523
16,eat,Eat_3.mp4,62,30.512727006076464,848,480,2.031939
16,eat,Food1.mp4,73,30.0,1280,720,2.433333333333333
16,eat,Food2.mp4,101,30.0,1280,720,3.3666666666666667
16,eat,Food3.mp4,82,30.0,1280,720,2.7333333333333334
16,eat,krishnarajeat1.mp4,118,29.96191282268303,848,480,3.9383333333333335
16,eat,krishnarajeat2.mp4,118,29.785443836769037,848,480,3.9616666666666664
16,eat,krishnarajeat3.mp4,114,30.052724077328648,848,480,3.793333333333333
16,eat,manideepeat-1.mp4,99,30.0,848,478,3.3
16,eat,manideepeat-2.mp4,84,30.0,848,478,2.8
16,eat,manideepeat-3.mp4,57,30.0,848,478,1.9
17,friend,0403(39).mp4,58,30.0,1908,1080,1.9333333333333333
17,friend,0403(40).mp4,66,30.0,1908,1080,2.2
17,friend,0403(41).mp4,57,30.0,1908,1080,1.9
17,friend,Friend -1.mp4,77,30.0,1280,720,2.566666666666667
17,friend,Friend -2.mp4,77,30.0,1280,720,2.566666666666667
17,friend,Friend -3.mp4,76,30.0,1280,720,2.533333333333333
17,friend,Friend1.mp4,92,30.0,1280,720,3.066666666666667
17,friend,Friend2.mp4,103,30.0,1280,720,3.433333333333333
17,friend,Friend3.mp4,92,30.0,1280,720,3.066666666666667
17,friend,Friend_1.mp4,53,30.96785653351657,848,480,1.711452
17,friend,Friend_2.mp4,71,30.78427937904206,848,480,2.306372
17,friend,Friend_3.mp4,66,30.489607663424298,848,480,2.164672
17,friend,KrishnarajFriend1.mp4,76,29.921259842519685,848,480,2.54
17,friend,KrishnarajFriend2.mp4,79,30.268199233716476,848,480,2.61
17,friend,KrishnarajFriend3.mp4,90,30.066815144766146,848,480,2.9933333333333336
17,friend,manideepfriend-1.mp4,100,30.0,848,478,3.3333333333333335
17,friend,manideepfriend-2.mp4,73,30.0,848,478,2.433333333333333
17,friend,manideepfriend-3.mp4,51,30.0,848,478,1.7
18,drinking,0403(42).mp4,73,30.0,1908,1080,2.433333333333333
18,drinking,0403(43).mp4,64,30.0,1908,1080,2.1333333333333333
18,drinking,0403(44).mp4,82,30.0,1908,1080,2.7333333333333334
18,drinking,Drink 1.mp4,90,30.0,1280,720,3.0
18,drinking,Drink 2.mp4,94,30.0,1280,720,3.1333333333333333
18,drinking,Drink3.mp4,92,30.0,1280,720,3.066666666666667
18,drinking,Drink_1.mp4,62,30.64341786797926,848,480,2.023273
18,drinking,Drink_2.mp4,76,30.528880722859626,848,480,2.489446
18,drinking,Drink_3.mp4,67,30.5037118919859,848,480,2.196454
18,drinking,Drinking -1.mp4,78,30.0,1280,720,2.6
18,drinking,Drinking -2.mp4,78,30.0,1280,720,2.6
18,drinking,Drinking -3.mp4,77,30.0,1280,720,2.566666666666667
18,drinking,krishnarajdrink1.mp4,54,29.944547134935306,848,480,1.8033333333333332
18,drinking,krishnarajdrink2.mp4,71,30.084745762711865,848,480,2.36
18,drinking,krishnarajdrink3.mp4,103,29.97090203685742,848,480,3.4366666666666665
18,drinking,manideepdrinking-1.mp4,83,30.0,848,478,2.7666666666666666
18,drinking,manideepdrinking-2.mp4,75,30.0,848,478,2.5
18,drinking,manideepdrinking-3.mp4,54,30.0,848,478,1.8
19,girl,0403(86).mp4,63,30.0,1908,1080,2.1
19,girl,0403(87).mp4,99,30.0,1908,1080,3.3
19,girl,0403(88).mp4,89,30.0,1908,1080,2.966666666666667
19,girl,Girl -1.mp4,95,30.0,1280,720,3.1666666666666665
19,girl,Girl -2.mp4,96,30.0,1280,720,3.2
19,girl,Girl -3.mp4,96,30.0,1280,720,3.2
19,girl,Girl 1.mp4,84,30.0,1280,720,2.8
19,girl,Girl 2.mp4,97,30.0,1280,720,3.2333333333333334
19,girl,Girl 3.mp4,98,30.0,1280,720,3.2666666666666666
19,girl,Girl_1.mp4,69,30.827049529686448,848,480,2.2382940000000002
19,girl,Girl_2.mp4,76,30.41004747968729,848,480,2.499174
19,girl,Girl_3.mp4,70,30.55991883285558,848,480,2.290582
19,girl,KrishnarajGirl1.mp4,102,30.192402565367537,848,480,3.3783333333333334
19,girl,KrishnarajGirl2.mp4,128,30.023455824863174,848,480,4.263333333333334
19,girl,KrishnarajGirl3.mp4,117,30.038510911424904,848,480,3.895
19,girl,manideep girl-1.mp4,96,30.0,848,478,3.2
19,girl,manideep girl-2.mp4,66,30.0,848,478,2.2
19,girl,manideep girl-3.mp4,62,30.0,848,478,2.066666666666667
20,brother,0403(89).mp4,115,30.0,1908,1080,3.8333333333333335
20,brother,0403(90).mp4,122,30.0,1908,1080,4.066666666666666
20,brother,0403(91).mp4,106,30.0,1908,1080,3.533333333333333
20,brother,Brother -1.mp4,118,30.0,1280,720,3.933333333333333
20,brother,Brother -2.mp4,127,30.0,1280,720,4.233333333333333
20,brother,Brother -3.mp4,118,30.0,1280,720,3.933333333333333
20,brother,Brother 1.mp4,96,30.0,1280,720,3.2
20,brother,Brother 2.mp4,119,30.0,1280,720,3.966666666666667
20,brother,Brother 3.mp4,112,30.0,1280,720,3.7333333333333334
20,brother,Brother_1.mp4,76,30.46992237787274,848,480,2.494263
20,brother,Brother_2.mp4,87,30.567812936228165,848,480,2.8461309999999997
20,brother,Brother_3.mp4,80,30.43822676022363,848,480,2.628274
20,brother,krishnarajBrother1.mp4,130,29.87361164304864,848,480,4.351666666666667
20,brother,krishnarajBrother2.mp4,106,29.929411764705883,848,480,3.5416666666666665
20,brother,krishnarajBrother3.mp4,142,29.968343299331693,848,480,4.738333333333333
20,brother,manideepbrother-1.mp4,88,30.0,848,478,2.933333333333333
20,brother,manideepbrother-2.mp4,66,30.0,848,478,2.2
20,brother,manideepbrother-3.mp4,61,30.0,848,478,2.033333333333333
21,good,0403(92).mp4,47,30.0,1908,1080,1.5666666666666667
21,good,0403(93).mp4,58,30.0,1908,1080,1.9333333333333333
21,good,0403(94).mp4,60,30.0,1908,1080,2.0
21,good,GOOD 1.mp4,54,30.016675931072818,1278,720,1.799
21,good,GOOD 2.mp4,62,30.00968054211036,1278,720,2.066
21,good,GOOD 3.mp4,74,30.008110300081103,1278,720,2.466
21,good,Good -1.mp4,96,30.0,1280,720,3.2
21,good,Good -2.mp4,85,30.0,1280,720,2.8333333333333335
21,good,Good -3.mp4,96,30.0,1280,720,3.2
21,good,Good1.mp4,95,30.0,1280,720,3.1666666666666665
21,good,Good2.mp4,92,30.0,1280,720,3.066666666666667
21,good,Good3.mp4,79,30.0,1280,720,2.6333333333333333
21,good,KrishnarajGood1.mp4,70,30.346820809248555,848,480,2.3066666666666666
21,good,KrishnarajGood2.mp4,57,30.0,848,480,1.9
21,good,KrishnarajGood3.mp4,84,30.0357568533969,848,480,2.796666666666667
21,good,manideepgood-1.mp4,89,30.0,848,478,2.966666666666667
21,good,manideepgood-2.mp4,66,30.0,848,478,2.2
21,good,manideepgood-3.mp4,50,30.0,848,478,1.6666666666666667
22,father,0403(95).mp4,80,30.0,1908,1080,2.6666666666666665
22,father,0403(96).mp4,83,30.0,1908,1080,2.7666666666666666
22,father,0403(97).mp4,85,30.0,1908,1080,2.8333333333333335
22,father,Father -1.mp4,84,30.0,1280,720,2.8
22,father,Father -2.mp4,84,30.0,1280,720,2.8
22,father,Father -3.mp4,84,30.0,1280,720,2.8
22,father,Father 3.mp4,95,30.0,1280,720,3.1666666666666665
22,father,Father1.mp4,114,30.0,1280,720,3.8
22,father,Father2.mp4,116,30.0,1280,720,3.8666666666666667
22,father,Father_1.mp4,49,30.96767669745528,848,480,1.582295
22,father,Father_2.mp4,62,30.999705502797724,848,480,2.000019
22,father,Father_3.mp4,72,30.76136953035079,848,480,2.340598
22,father,KrishnarajFather1.mp4,82,29.927007299270073,848,480,2.7399999999999998
22,father,KrishnarajFather2.mp4,85,30.141843971631207,848,480,2.82
22,father,KrishnarajFather3.mp4,88,29.72972972972973,848,480,2.96
22,father,manideepfather-1.mp4,100,30.0,848,478,3.3333333333333335
22,father,manideepfather-2.mp4,62,30.0,848,478,2.066666666666667
22,father,manideepfather-3.mp4,57,30.0,848,478,1.9
23,evening,0403(100).mp4,71,30.0,1908,1080,2.3666666666666667
23,evening,0403(98).mp4,76,30.0,1908,1080,2.533333333333333
23,evening,0403(99).mp4,85,30.0,1908,1080,2.8333333333333335
23,evening,Evening -1.mp4,80,30.0,1280,720,2.6666666666666665
23,evening,Evening -2.mp4,83,30.0,1280,720,2.7666666666666666
23,evening,Evening -3.mp4,80,30.0,1280,720,2.6666666666666665
23,evening,Evening 1.mp4,77,30.0,1280,720,2.566666666666667
23,evening,Evening 2.mp4,91,30.0,1280,720,3.033333333333333
23,evening,Evening 3.mp4,93,30.0,1280,720,3.1
23,evening,Evening_1.mp4,65,30.894945776993627,848,480,2.103904
23,evening,Evening_2.mp4,60,31.033123721823216,848,480,1.933418
23,evening,Evening_3.mp4,63,30.528787677612126,848,480,2.063626
23,evening,KrishnarajEvening1.mp4,77,29.961089494163424,848,480,2.57
23,evening,KrishnarajEvening2.mp4,51,29.941291585127203,848,480,1.7033333333333331
23,evening,KrishnarajEvening3.mp4,67,30.202854996243428,848,480,2.2183333333333333
23,evening,manideepevening-1.mp4,53,30.0,848,478,1.7666666666666666
23,evening,manideepevening-2.mp4,84,30.0,848,478,2.8
23,evening,manideepevening-3.mp4,53,30.0,848,478,1.7666666666666666
24,help,0403(45).mp4,80,30.0,1908,1080,2.6666666666666665
24,help,0403(46).mp4,75,30.0,1908,1080,2.5
24,help,0403.mp4,75,30.0,1908,1080,2.5
24,help,Help -1.mp4,91,30.0,1280,720,3.033333333333333
24,help,Help -2.mp4,105,30.0,1280,720,3.5
24,help,Help -3.mp4,105,30.0,1280,720,3.5
24,help,Help1.mp4,92,30.0,1280,720,3.066666666666667
24,help,Help2.mp4,106,30.0,1280,720,3.533333333333333
24,help,Help3.mp4,106,30.0,1280,720,3.533333333333333
24,help,Help_1.mp4,74,30.448590024548146,848,480,2.430326
24,help,Help_2.mp4,67,30.63754910581798,848,480,2.186859
24,help,Help_3.mp4,77,30.514554649982205,848,480,2.523386
24,help,KrishnarajHelp1.mp4,66,30.368098159509202,848,480,2.1733333333333333
24,help,KrishnarajHelp2.mp4,63,30.0,848,480,2.1
24,help,KrishnarajHelp3.mp4,74,30.08130081300813,848,480,2.46
24,help,manideephelp-1.mp4,59,30.0,848,478,1.9666666666666666
24,help,manideephelp-2.mp4,64,30.0,848,478,2.1333333333333333
24,help,manideephelp-3.mp4,59,30.0,848,478,1.9666666666666666
25,mother,0403(47).mp4,80,30.0,1908,1080,2.6666666666666665
25,mother,0403(48).mp4,98,30.0,1908,1080,3.2666666666666666
25,mother,0403(49).mp4,86,30.0,1908,1080,2.8666666666666667
25,mother,KrishnarajMother1.mp4,69,30.0,848,480,2.3
25,mother,KrishnarajMother2.mp4,87,29.982768523836874,848,480,2.901666666666667
25,mother,KrishnarajMother3.mp4,74,30.14256619144603,848,480,2.455
25,mother,Mother -1.mp4,98,30.0,1280,720,3.2666666666666666
25,mother,Mother -2.mp4,84,30.0,1280,720,2.8
25,mother,Mother -3.mp4,98,30.0,1280,720,3.2666666666666666
25,mother,Mother 1.mp4,76,30.0,1280,720,2.533333333333333
25,mother,Mother 2.mp4,85,30.0,1280,720,2.8333333333333335
25,mother,Mother 3.mp4,85,30.0,1280,720,2.8333333333333335
25,mother,Mother_1.mp4,56,30.89445516249104,848,480,1.812623
25,mother,Mother_2.mp4,62,30.522220422614602,848,480,2.031307
25,mother,Mother_3.mp4,70,30.59106303944062,848,480,2.28825
25,mother,manideepmother-1.mp4,100,30.0,848,478,3.3333333333333335
25,mother,manideepmother-2.mp4,64,30.0,848,478,2.1333333333333333
25,mother,manideepmother-3.mp4,60,30.0,848,478,2.0
26,NAME,0403(71).mp4,47,30.0,1908,1080,1.5666666666666667
26,NAME,0403(72).mp4,86,30.0,1908,1080,2.8666666666666667
26,NAME,0403(73).mp4,73,30.0,1908,1080,2.433333333333333
26,NAME,KrishnarajName1.mp4,64,30.0,848,480,2.1333333333333333
26,NAME,KrishnarajName2.mp4,60,30.0,848,480,2.0
26,NAME,KrishnarajName3.mp4,88,29.662921348314608,848,480,2.9666666666666663
26,NAME,Name -1.mp4,83,30.0,1280,720,2.7666666666666666
26,NAME,Name -2.mp4,90,30.0,1280,720,3.0
26,NAME,Name -3.mp4,83,30.0,1280,720,2.7666666666666666
26,NAME,Name1.mp4,71,30.0,1280,720,2.3666666666666667
26,NAME,Name2.mp4,101,30.0,1280,720,3.3666666666666667
26,NAME,Name3.mp4,90,30.0,1280,720,3.0
26,NAME,manideepname-1.mp4,59,30.0,848,478,1.9666666666666666
26,NAME,manideepname-2.mp4,59,30.0,848,478,1.9666666666666666
26,NAME,manideepname-3.mp4,96,30.0,848,478,3.2
27,Night,0403(74).mp4,83,30.0,1908,1080,2.7666666666666666
27,Night,0403(75).mp4,94,30.0,1908,1080,3.1333333333333333
27,Night,0403(76).mp4,91,30.0,1908,1080,3.033333333333333
27,Night,KrishnarajNight1.mp4,101,30.0,848,480,3.3666666666666667
27,Night,KrishnarajNight2.mp4,79,30.076142131979694,848,480,2.626666666666667
27,Night,KrishnarajNight3.mp4,94,30.225080385852092,848,480,3.11
27,Night,Night -1.mp4,115,30.0,1280,720,3.8333333333333335
27,Night,Night -2.mp4,82,30.0,1280,720,2.7333333333333334
27,Night,Night -3.mp4,115,30.0,1280,720,3.8333333333333335
27,Night,Night 1.mp4,114,30.0,1280,720,3.8
27,Night,Night 2.mp4,121,30.0,1280,720,4.033333333333333
27,Night,Night 3.mp4,116,30.0,1280,720,3.8666666666666667
27,Night,Night_1.mp4,65,30.748852831259757,848,480,2.1139
27,Night,Night_2.mp4,75,30.70457166508436,848,480,2.442633
27,Night,Night_3.mp4,74,30.49470236964442,848,480,2.426651
27,Night,manideepnight-1.mp4,53,30.0,848,478,1.7666666666666666
27,Night,manideepnight-2.mp4,71,30.0,848,478,2.3666666666666667
27,Night,manideepnight-3.mp4,100,30.0,848,478,3.3333333333333335
28,Music,0403(62).mp4,116,30.0,1908,1080,3.8666666666666667
28,Music,0403(63).mp4,195,30.0,1908,1080,6.5
28,Music,0403(64).mp4,115,30.0,1908,1080,3.8333333333333335
28,Music,Music -1.mp4,106,30.0,1280,720,3.533333333333333
28,Music,Music -2.mp4,106,30.0,1280,720,3.533333333333333
28,Music,Music -3.mp4,101,30.0,1280,720,3.3666666666666667
28,Music,Music 1.mp4,99,30.0,1280,720,3.3
28,Music,Music2.mp4,138,30.0,1280,720,4.6
28,Music,Music3.mp4,139,30.0,1280,720,4.633333333333334
28,Music,Music_1.mp4,107,30.557799792721017,848,480,3.501561
28,Music,Music_2.mp4,110,30.351952968821095,848,480,3.624149
28,Music,Music_3.mp4,111,30.34754500663955,848,480,3.657627
28,Music,manideepmusic-1.mp4,111,30.0,848,478,3.7
28,Music,manideepmusic-2.mp4,105,30.0,848,478,3.5
28,Music,manideepmusic-3.mp4,131,30.0,848,478,4.366666666666666
29,nose,0403(50).mp4,52,30.0,1908,1080,1.7333333333333334
29,nose,0403(51).mp4,69,30.0,1908,1080,2.3
29,nose,0403(52).mp4,73,30.0,1908,1080,2.433333333333333
29,nose,KrishnarajNose1.mp4,72,30.0,848,480,2.4
29,nose,KrishnarajNose2.mp4,82,29.981718464351005,848,480,2.735
29,nose,KrishnarajNose3.mp4,72,29.85487214927436,848,480,2.4116666666666666
29,nose,Nose 1.mp4,87,30.0,1280,720,2.9
29,nose,Nose 2.mp4,111,30.0,1280,720,3.7
29,nose,Nose 3.mp4,97,30.0,1280,720,3.2333333333333334
29,nose,Nose-1.mp4,110,30.0,1280,720,3.6666666666666665
29,nose,Nose-2.mp4,110,30.0,1280,720,3.6666666666666665
29,nose,Nose-3.mp4,110,30.0,1280,720,3.6666666666666665
29,nose,Nose_1.mp4,46,30.760424440360886,848,480,1.495428
29,nose,Nose_2.mp4,71,30.596379457159898,848,480,2.320536
29,nose,Nose_3.mp4,74,30.43029673240296,848,480,2.431787
29,nose,manideepnose-1.mp4,42,30.0,848,478,1.4
29,nose,manideepnose-2.mp4,69,30.0,848,478,2.3
29,nose,manideepnose-3.mp4,80,30.0,848,478,2.6666666666666665
30,sleep,KrishnarajSleep1.mp4,75,30.0,848,480,2.5
30,sleep,KrishnarajSleep2.mp4,71,30.0,848,480,2.3666666666666667
30,sleep,KrishnarajSleep3.mp4,77,30.156657963446474,848,480,2.5533333333333337
30,sleep,Sleep -1.mp4,86,30.0,1280,720,2.8666666666666667
30,sleep,Sleep -2.mp4,75,30.0,1280,720,2.5
30,sleep,Sleep -3.mp4,86,30.0,1280,720,2.8666666666666667
30,sleep,Sleep1.mp4,85,30.0,1280,720,2.8333333333333335
30,sleep,Sleep2.mp4,108,30.0,1280,720,3.6
30,sleep,Sleep3.mp4,100,30.0,1280,720,3.3333333333333335
30,sleep,Sleep_1.mp4,59,30.66408533970869,848,480,1.924075
30,sleep,Sleep_2.mp4,68,30.855304503286316,848,480,2.203835
30,sleep,Sleep_3.mp4,57,31.021015921944592,848,480,1.837464
30,sleep,manideepsleep-1.mp4,57,30.0,848,478,1.9
30,sleep,manideepsleep-2.mp4,72,30.0,848,478,2.4
30,sleep,manideepsleep-3.mp4,67,30.0,848,478,2.2333333333333334
31,sit,0403(53).mp4,40,30.0,1908,1080,1.3333333333333333
31,sit,0403(54).mp4,62,30.0,1908,1080,2.066666666666667
31,sit,0403(55).mp4,59,30.0,1908,1080,1.9666666666666666
31,sit,KrishnarajSit1.mp4,80,29.9625468164794,848,480,2.67
31,sit,KrishnarajSit2.mp4,106,30.070921985815602,848,480,3.525
31,sit,KrishnarajSit3.mp4,85,30.0,848,480,2.8333333333333335
31,sit,Sit-1.mp4,84,30.0,1280,720,2.8
31,sit,Sit-2.mp4,84,30.0,1280,720,2.8
31,sit,Sit-3.mp4,67,30.0,1280,720,2.2333333333333334
31,sit,Sit1.mp4,88,30.0,1280,720,2.933333333333333
31,sit,Sit2.mp4,103,30.0,1280,720,3.433333333333333
31,sit,Sit3.mp4,101,30.0,1280,720,3.3666666666666667
31,sit,Sit_1.mp4,50,30.661754244813256,848,480,1.6306960000000001
31,sit,Sit_2.mp4,76,30.506332873865144,848,480,2.491286
31,sit,Sit_3.mp4,81,30.498446273598173,848,480,2.655873
31,sit,manideepsit-1.mp4,53,30.0,848,478,1.7666666666666666
31,sit,manideepsit-2.mp4,78,30.0,848,478,2.6
31,sit,manideepsit-3.mp4,70,30.0,848,478,2.3333333333333335
32,sorry,0403(59).mp4,62,30.0,1908,1080,2.066666666666667
32,sorry,0403(60).mp4,74,30.0,1908,1080,2.466666666666667
32,sorry,0403(61).mp4,75,30.0,1908,1080,2.5
32,sorry,KrishnarajSorry1.mp4,80,30.0,848,480,2.6666666666666665
32,sorry,KrishnarajSorry2.mp4,78,30.0,848,480,2.6
32,sorry,KrishnarajSorry3.mp4,114,30.065934065934066,848,480,3.7916666666666665
32,sorry,SORRY 1.mp4,67,29.991047448522828,1278,720,2.234
32,sorry,SORRY 2.mp4,82,29.992684711046085,1278,720,2.734
32,sorry,SORRY 3.mp4,95,30.006317119393557,1278,720,3.166
32,sorry,Sorry -1.mp4,102,30.0,1280,720,3.4
32,sorry,Sorry -2.mp4,93,30.0,1280,720,3.1
32,sorry,Sorry -3.mp4,102,30.0,1280,720,3.4
32,sorry,manideepsorry-1.mp4,56,30.0,848,478,1.8666666666666667
32,sorry,manideepsorry-2.mp4,91,30.0,848,478,3.033333333333333
32,sorry,manideepsorry-3.mp4,104,30.0,848,478,3.466666666666667
33,stand,0403(68).mp4,72,30.0,1908,1080,2.4
33,stand,0403(69).mp4,90,30.0,1908,1080,3.0
33,stand,0403(70).mp4,94,30.0,1908,1080,3.1333333333333333
33,stand,KrishnarajStand1.mp4,71,29.64509394572025,848,480,2.395
33,stand,KrishnarajStand2.mp4,77,30.0,848,480,2.566666666666667
33,stand,KrishnarajStand3.mp4,77,30.0,848,480,2.566666666666667
33,stand,STAND 1.mp4,61,29.99016715830875,1278,720,2.0340000000000003
33,stand,STAND 2.mp4,68,30.00882612533098,1278,720,2.266
33,stand,STAND 3.mp4,68,30.00882612533098,1278,720,2.266
33,stand,Stand -1.mp4,101,30.0,1280,720,3.3666666666666667
33,stand,Stand -2.mp4,93,30.0,1280,720,3.1
33,stand,Stand -3.mp4,101,30.0,1280,720,3.3666666666666667
33,stand,Stand 2(1).mp4,122,30.0,1280,720,4.066666666666666
33,stand,Stand 3(1).mp4,96,30.0,1280,720,3.2
33,stand,Stand1.mp4,88,30.0,1280,720,2.933333333333333
33,stand,manideepstand-1.mp4,50,30.0,848,478,1.6666666666666667
33,stand,manideepstand-2.mp4,74,30.0,848,478,2.466666666666667
33,stand,manideepstand-3.mp4,74,30.0,848,478,2.466666666666667
34,stop,0403(65).mp4,54,30.0,1908,1080,1.8
34,stop,0403(66).mp4,68,30.0,1908,1080,2.2666666666666666
34,stop,0403(67).mp4,68,30.0,1908,1080,2.2666666666666666
34,stop,KrishnarajStop1.mp4,50,30.0,848,480,1.6666666666666667
34,stop,KrishnarajStop2.mp4,68,30.0,848,480,2.2666666666666666
34,stop,KrishnarajStop3.mp4,60,29.826014913007455,848,480,2.0116666666666667
34,stop,STOP 1.mp4,56,30.010718113612004,1278,720,1.866
34,stop,STOP 2.mp4,61,29.99016715830875,1278,720,2.0340000000000003
34,stop,STOP 3.mp4,55,29.989094874591057,1278,720,1.834
34,stop,Stop -1.mp4,108,30.0,1280,720,3.6
34,stop,Stop -2.mp4,108,30.0,1280,720,3.6
34,stop,Stop -3.mp4,104,30.0,1280,720,3.466666666666667
34,stop,Stop 1(1).mp4,105,30.0,1280,720,3.5
34,stop,Stop 2(1).mp4,112,30.0,1280,720,3.7333333333333334
34,stop,Stop 3(1).mp4,90,30.0,1280,720,3.0
34,stop,manideepstop-1.mp4,53,30.0,848,478,1.7666666666666666
34,stop,manideepstop-2.mp4,73,30.0,848,478,2.433333333333333
34,stop,manideepstop-3.mp4,73,30.0,848,478,2.433333333333333
35,student,0403(101).mp4,123,30.0,1908,1080,4.1
35,student,0403(102).mp4,142,30.0,1908,1080,4.733333333333333
35,student,0403(103).mp4,151,30.0,1908,1080,5.033333333333333
35,student,KrishnarajStudent1.mp4,143,30.0,848,480,4.766666666666667
35,student,KrishnarajStudent2.mp4,115,29.98696219035202,848,480,3.835
35,student,KrishnarajStudent3.mp4,120,30.087755954868367,848,480,3.9883333333333333
35,student,STUDENT 1.mp4,80,30.00750187546887,1278,720,2.666
35,student,STUDENT 2.mp4,112,29.994643813604714,1278,720,3.734
35,student,STUDENT 3.mp4,108,30.00833564879133,1278,720,3.599
35,student,Student -1.mp4,150,30.0,1280,720,5.0
35,student,Student -2.mp4,166,30.0,1280,720,5.533333333333333
35,student,Student -3.mp4,150,30.0,1280,720,5.0
35,student,Student 1(1).mp4,125,30.0,1280,720,4.166666666666667
35,student,Student 2(1).mp4,150,30.0,1280,720,5.0
35,student,Student 3(1).mp4,154,30.0,1280,720,5.133333333333334
35,student,manideepstudent-1.mp4,128,30.0,848,478,4.266666666666667
35,student,manideepstudent-2.mp4,127,30.0,848,478,4.233333333333333
35,student,manideepstudent3.mp4,116,30.0,848,478,3.8666666666666667
36,study,0403(104).mp4,67,30.0,1908,1080,2.2333333333333334
36,study,0403(105).mp4,84,30.0,1908,1080,2.8
36,study,0403(106).mp4,83,30.0,1908,1080,2.7666666666666666
36,study,KrishnarajStudy1.mp4,51,30.0,848,480,1.7
36,study,KrishnarajStudy2.mp4,59,30.0,848,480,1.9666666666666666
36,study,KrishnarajStudy3.mp4,90,30.150753768844222,848,480,2.985
36,study,STUDY 01.mp4,81,30.01111522786217,1278,720,2.6990000000000003
36,study,STUDY 2.mp4,59,30.010172939979654,1278,720,1.966
36,study,STUDY 3.mp4,70,29.991431019708656,1278,720,2.334
36,study,Study -1.mp4,117,30.0,1280,720,3.9
36,study,Study -2.mp4,91,30.0,1280,720,3.033333333333333
36,study,Study -3.mp4,117,30.0,1280,720,3.9
36,study,Study 1.mp4,100,30.0,1280,720,3.3333333333333335
36,study,Study 2(1).mp4,120,30.0,1280,720,4.0
36,study,Study 3(1).mp4,100,30.0,1280,720,3.3333333333333335
36,study,manideepstudy-1.mp4,55,30.0,848,478,1.8333333333333333
36,study,manideepstudy-2.mp4,66,30.0,848,478,2.2
36,study,manideepstudy-3.mp4,102,30.0,848,478,3.4
37,teacher,0403(107).mp4,69,30.0,1908,1080,2.3
37,teacher,0403(108).mp4,77,30.0,1908,1080,2.566666666666667
37,teacher,0403(109).mp4,71,30.0,1908,1080,2.3666666666666667
37,teacher,TEACHER 1.mp4,75,30.012004801920767,1278,720,2.499
37,teacher,TEACHER 2.mp4,76,29.99210734017364,1278,720,2.534
37,teacher,TEACHER 3.mp4,63,30.014292520247736,1278,720,2.099
37,teacher,Teacher -1.mp4,95,30.0,1280,720,3.1666666666666665
37,teacher,Teacher -2.mp4,91,30.0,1280,720,3.033333333333333
37,teacher,Teacher -3.mp4,95,30.0,1280,720,3.1666666666666665
37,teacher,Teacher 1(1).mp4,96,30.0,1280,720,3.2
37,teacher,Teacher 2(1).mp4,136,30.0,1280,720,4.533333333333333
37,teacher,Teacher 3(1).mp4,124,30.0,1280,720,4.133333333333334
37,teacher,manideepteacher-1.mp4,55,30.0,848,478,1.8333333333333333
37,teacher,manideepteacher-2.mp4,83,30.0,848,478,2.7666666666666666
37,teacher,manideepteacher-3.mp4,78,30.0,848,478,2.6
38,thankyou,0403(110).mp4,57,30.0,1908,1080,1.9
38,thankyou,0403(111).mp4,82,30.0,1908,1080,2.7333333333333334
38,thankyou,0403(112).mp4,68,30.0,1908,1080,2.2666666666666666
38,thankyou,KrishnarajThankyou1.mp4,60,29.801324503311257,848,480,2.0133333333333336
38,thankyou,KrishnarajThankyou2.mp4,67,30.0,848,480,2.2333333333333334
38,thankyou,KrishnarajThankyou3.mp4,78,30.09646302250804,848,480,2.5916666666666663
38,thankyou,THANKYOU 1.mp4,60,30.015007503751875,1278,720,1.999
38,thankyou,THANKYOU 2.mp4,56,30.010718113612004,1278,720,1.866
38,thankyou,THANKYOU 3.mp4,67,29.991047448522828,1278,720,2.234
38,thankyou,Thank you 1.mp4,84,30.0,1280,720,2.8
38,thankyou,Thank you 2.mp4,107,30.0,1280,720,3.566666666666667
38,thankyou,Thank you 3.mp4,91,30.0,1280,720,3.033333333333333
38,thankyou,Thankyou -1.mp4,95,30.0,1280,720,3.1666666666666665
38,thankyou,Thankyou -2.mp4,94,30.0,1280,720,3.1333333333333333
38,thankyou,Thankyou -3.mp4,95,30.0,1280,720,3.1666666666666665
38,thankyou,manideepthankyou-1.mp4,51,30.0,848,478,1.7
38,thankyou,manideepthankyou-2.mp4,65,30.0,848,478,2.1666666666666665
38,thankyou,manideepthankyou-3.mp4,68,30.0,848,478,2.2666666666666666
39,today,0403(116).mp4,42,30.0,1908,1080,1.4
39,today,0403(117).mp4,74,30.0,1908,1080,2.466666666666667
39,today,0403(118).mp4,64,30.0,1908,1080,2.1333333333333333
39,today,TODAY 1.mp4,44,30.013642564802183,1278,720,1.466
39,today,TODAY 2.mp4,49,29.987760097919217,1278,720,1.634
39,today,TODAY 3.mp4,53,30.01132502831257,1278,720,1.766
39,today,Today -1.mp4,93,30.0,1280,720,3.1
39,today,Today -2.mp4,97,30.0,1280,720,3.2333333333333334
39,today,Today -3.mp4,93,30.0,1280,720,3.1
39,today,Today 1(1).mp4,81,30.0,1280,720,2.7
39,today,Today2.mp4,107,30.0,1280,720,3.566666666666667
39,today,Today3.mp4,104,30.0,1280,720,3.466666666666667
39,today,krishnarajtoday_1.mp4,52,30.005770340450088,848,478,1.7329999999999999
39,today,krishnarajtoday_2.mp4,61,30.00491883915396,848,478,2.033
39,today,krishnarajtoday_3.mp4,61,30.00491883915396,848,478,2.033
39,today,manideeptoday-1.mp4,59,30.0,848,478,1.9666666666666666
39,today,manideeptoday-2.mp4,77,30.0,848,478,2.566666666666667
39,today,manideeptoday-3.mp4,77,30.0,848,478,2.566666666666667
40,tommorow,0403(119).mp4,54,30.0,1908,1080,1.8
40,tommorow,0403(120).mp4,57,30.0,1908,1080,1.9
40,tommorow,0403(121).mp4,66,30.0,1908,1080,2.2
40,tommorow,TOMORROW 1.mp4,44,30.013642564802183,1278,720,1.466
40,tommorow,TOMORROW 2.mp4,57,30.015797788309637,1278,720,1.899
40,tommorow,TOMORROW 3.mp4,55,29.989094874591057,1278,720,1.834
40,tommorow,Tomorrow -1.mp4,96,30.0,1280,720,3.2
40,tommorow,Tomorrow -2.mp4,83,30.0,1280,720,2.7666666666666666
40,tommorow,Tomorrow -3.mp4,96,30.0,1280,720,3.2
40,tommorow,Tomorrow 1(1).mp4,73,30.0,1280,720,2.433333333333333
40,tommorow,Tomorrow 2(1).mp4,88,30.0,1280,720,2.933333333333333
40,tommorow,Tomorrow 3(1).mp4,97,30.0,1280,720,3.2333333333333334
40,tommorow,krishnarajtommorow_1.mp4,66,29.986369831894592,848,478,2.201
40,tommorow,krishnarajtommorow_2.mp4,63,29.985721085197525,848,478,2.101
40,tommorow,krishnarajtommorow_3.mp4,80,30.00750187546887,848,478,2.666
40,tommorow,manideeptomorrow-1.mp4,65,30.0,848,478,2.1666666666666665
40,tommorow,manideeptomorrow-2.mp4,78,30.0,848,478,2.6
40,tommorow,manideeptomorrow-3.mp4,83,30.0,848,478,2.7666666666666666
41,welcome,0403(122).mp4,60,30.0,1908,1080,2.0
41,welcome,0403(123).mp4,69,30.0,1908,1080,2.3
41,welcome,0403(124).mp4,60,30.0,1908,1080,2.0
41,welcome,WELCOME 1.mp4,56,30.010718113612004,1278,720,1.866
41,welcome,WELCOME 2.mp4,62,30.00968054211036,1278,720,2.066
41,welcome,WELCOME 3.mp4,60,30.015007503751875,1278,720,1.999
41,welcome,Welcome -1.mp4,67,30.0,1280,720,2.2333333333333334
41,welcome,Welcome -2.mp4,86,30.0,1280,720,2.8666666666666667
41,welcome,Welcome -3.mp4,67,30.0,1280,720,2.2333333333333334
41,welcome,Welcome 1(1).mp4,78,30.0,1280,720,2.6
41,welcome,Welcome 2(1).mp4,93,30.0,1280,720,3.1
41,welcome,Welcome 3(1).mp4,89,30.0,1280,720,2.966666666666667
41,welcome,krishnarajwelcome_1.mp4,61,30.00491883915396,848,478,2.033
41,welcome,krishnarajwelcome_2.mp4,76,30.003947887879985,848,478,2.533
41,welcome,krishnarajwelcome_3.mp4,73,30.004110152075626,848,478,2.4330000000000003
41,welcome,manideepwelcome-1.mp4,76,30.0,848,478,2.533333333333333
41,welcome,manideepwelcome-2.mp4,87,30.0,848,478,2.9
41,welcome,manideepwelcome-3.mp4,90,30.0,848,478,3.0
42,work,0403(125).mp4,51,30.0,1908,1080,1.7
42,work,0403(126).mp4,91,30.0,1908,1080,3.033333333333333
42,work,0403(127).mp4,75,30.0,1908,1080,2.5
42,work,WORK 1.mp4,59,30.010172939979654,1278,720,1.966
42,work,WORK 2.mp4,81,30.01111522786217,1278,720,2.6990000000000003
42,work,WORK 3.mp4,81,30.01111522786217,1278,720,2.6990000000000003
42,work,Work -1.mp4,103,30.0,1280,720,3.433333333333333
42,work,Work -2.mp4,86,30.0,1280,720,2.8666666666666667
42,work,Work -3.mp4,103,30.0,1280,720,3.433333333333333
42,work,Work 2(1).mp4,108,30.0,1280,720,3.6
42,work,Work1.mp4,90,30.0,1280,720,3.0
42,work,Work3.mp4,97,30.0,1280,720,3.2333333333333334
42,work,krishnarajwork_1.mp4,75,29.988004798080766,848,478,2.5010000000000003
42,work,krishnarajwork_2.mp4,76,30.003947887879985,848,478,2.533
42,work,krishnarajwork_3.mp4,70,30.00428632661809,848,478,2.3329999999999997
42,work,manideepwork-1.mp4,66,30.0,848,478,2.2
42,work,manideepwork-2.mp4,93,30.0,848,478,3.1
42,work,manideepwork-3.mp4,64,30.0,848,478,2.1333333333333333
43,yesterday,0403(131).mp4,66,30.0,1908,1080,2.2
43,yesterday,0403(132).mp4,69,30.0,1908,1080,2.3
43,yesterday,0403(133).mp4,60,30.0,1908,1080,2.0
43,yesterday,YESTERDAY 1.mp4,33,30.02729754322111,1278,720,1.099
43,yesterday,YESTERDAY 2.mp4,44,30.013642564802183,1278,720,1.466
43,yesterday,YESTERDAY 3.mp4,44,30.013642564802183,1278,720,1.466
43,yesterday,Yesterday -1.mp4,92,30.0,1280,720,3.066666666666667
43,yesterday,Yesterday -2.mp4,71,30.0,1280,720,2.3666666666666667
43,yesterday,Yesterday -3.mp4,71,30.0,1280,720,2.3666666666666667
43,yesterday,Yesterday 1(1).mp4,81,30.0,1280,720,2.7
43,yesterday,Yesterday 2(1).mp4,97,30.0,1280,720,3.2333333333333334
43,yesterday,Yesterday 3(1).mp4,103,30.0,1280,720,3.433333333333333
43,yesterday,krishnarajyesterday_1.mp4,65,30.009233610341642,848,478,2.166
43,yesterday,krishnarajyesterday_2.mp4,97,30.00309310238169,848,478,3.2329999999999997
43,yesterday,krishnarajyesterday_3.mp4,74,30.008110300081103,848,478,2.466
43,yesterday,manideepyesterday-1.mp4,59,30.0,848,478,1.9666666666666666
43,yesterday,manideepyesterday-2.mp4,66,30.0,848,478,2.2
43,yesterday,manideepyesterday-3.mp4,57,30.0,848,478,1.9
44,teeth,0403(134).mp4,65,30.0,1908,1080,2.1666666666666665
44,teeth,0403(135).mp4,85,30.0,1908,1080,2.8333333333333335
44,teeth,0403(136).mp4,72,30.0,1908,1080,2.4
44,teeth,KrishnarajTeeth1.mp4,74,30.0,848,480,2.466666666666667
44,teeth,KrishnarajTeeth2.mp4,83,30.0,848,480,2.7666666666666666
44,teeth,KrishnarajTeeth3.mp4,76,29.901639344262296,848,480,2.5416666666666665
44,teeth,TEETH 1.mp4,58,29.98965873836608,1278,720,1.934
44,teeth,TEETH 2.mp4,71,30.00845308537616,1278,720,2.366
44,teeth,TEETH 3.mp4,90,30.010003334444814,1278,720,2.999
44,teeth,Teeth -1.mp4,74,30.0,1280,720,2.466666666666667
44,teeth,Teeth -2.mp4,97,30.0,1280,720,3.2333333333333334
44,teeth,Teeth 2(1).mp4,74,30.0,1280,720,2.466666666666667
44,teeth,Teeth 3(1).mp4,73,30.0,1280,720,2.433333333333333
44,teeth,Teeth-3.mp4,74,30.0,1280,720,2.466666666666667
44,teeth,Teeth1.mp4,74,30.0,1280,720,2.466666666666667
44,teeth,manideepteeth-1.mp4,54,30.0,848,478,1.8
44,teeth,manideepteeth-2.mp4,65,30.0,848,478,2.1666666666666665
44,teeth,manideepteeth-3.mp4,66,30.0,848,478,2.2
45,hand,0403(128).mp4,39,30.0,1908,1080,1.3
45,hand,0403(129).mp4,81,30.0,1908,1080,2.7
45,hand,0403(130).mp4,66,30.0,1908,1080,2.2
45,hand,HAND 1.mp4,60,30.015007503751875,1278,720,1.999
45,hand,HAND 2.mp4,66,30.013642564802183,1278,720,2.199
45,hand,HAND 3.mp4,61,29.99016715830875,1278,720,2.0340000000000003
45,hand,Hand -1.mp4,105,30.0,1280,720,3.5
45,hand,Hand -3.mp4,93,30.0,1280,720,3.1
45,hand,Hand-2.mp4,93,30.0,1280,720,3.1
45,hand,Hand1.mp4,101,30.0,1280,720,3.3666666666666667
45,hand,Hand2.mp4,101,30.0,1280,720,3.3666666666666667
45,hand,Hand3.mp4,99,30.0,1280,720,3.3
45,hand,krishnarajhand3.mp4,72,29.987505206164098,848,478,2.4010000000000002
45,hand,krishnarajhand_1.mp4,68,30.00882612533098,848,478,2.266
45,hand,krishnarajhand_2.mp4,68,30.00882612533098,848,478,2.266
45,hand,manideephand-1.mp4,57,30.0,848,478,1.9
45,hand,manideephand-2.mp4,77,30.0,848,478,2.566666666666667
45,hand,manideephand-3.mp4,72,30.0,848,478,2.4
46,write,0403(137).mp4,66,30.0,1908,1080,2.2
46,write,0403(138).mp4,69,30.0,1908,1080,2.3
46,write,0403(139).mp4,90,30.0,1908,1080,3.0
46,write,Krish3narajWrite.mp4,68,29.846378931967813,848,480,2.2783333333333333
46,write,KrishnarajWrite1.mp4,78,30.0,848,480,2.6
46,write,KrishnarajWrite2.mp4,76,30.0,848,480,2.533333333333333
46,write,WRITE 1.mp4,56,30.010718113612004,1278,720,1.866
46,write,WRITE 2.mp4,63,30.014292520247736,1278,720,2.099
46,write,WRITE 3.mp4,70,29.991431019708656,1278,720,2.334
46,write,Write -1.mp4,64,30.0,1280,720,2.1333333333333333
46,write,Write -2.mp4,64,30.0,1280,720,2.1333333333333333
46,write,Write -3.mp4,72,30.0,1280,720,2.4
46,write,Write 3(1).mp4,91,30.0,1280,720,3.033333333333333
46,write,Write1.mp4,87,30.0,1280,720,2.9
46,write,Write2.mp4,94,30.0,1280,720,3.1333333333333333
46,write,manideepwrite-1.mp4,57,30.0,848,478,1.9
46,write,manideepwrite-2.mp4,57,30.0,848,478,1.9
46,write,manideepwrite-3.mp4,88,30.0,848,478,2.933333333333333
47,umberlla,KrishnarajUmbrella1.mp4,89,29.983155530600786,848,480,2.9683333333333333
47,umberlla,KrishnarajUmbrella2.mp4,88,30.275229357798164,848,480,2.9066666666666667
47,umberlla,KrishnarajUmbrella3.mp4,89,29.983155530600786,848,480,2.9683333333333333
47,umberlla,UMBRELLA 1.mp4,54,30.016675931072818,1278,720,1.799
47,umberlla,UMBRELLA 2.mp4,67,29.991047448522828,1278,720,2.234
47,umberlla,UMBRELLA 3.mp4,69,30.013049151805134,1278,720,2.299
47,umberlla,Umbrella 2(1).mp4,109,30.0,1280,720,3.6333333333333333
47,umberlla,Umbrella 3(1).mp4,90,30.0,1280,720,3.0
47,umberlla,Umbrella-1.mp4,78,30.0,1280,720,2.6
47,umberlla,Umbrella-2.mp4,78,30.0,1280,720,2.6
47,umberlla,Umbrella-3.mp4,98,30.0,1280,720,3.2666666666666666
47,umberlla,Umbrella1.mp4,90,30.0,1280,720,3.0
47,umberlla,manideepumbrella-1.mp4,66,30.0,848,478,2.2
47,umberlla,manideepumbrella-2.mp4,70,30.0,848,478,2.3333333333333335
47,umberlla,manideepumbrella-3.mp4,78,30.0,848,478,2.6
48,ring,0403(140).mp4,79,30.0,1908,1080,2.6333333333333333
48,ring,0403(141).mp4,95,30.0,1908,1080,3.1666666666666665
48,ring,0403(142).mp4,86,30.0,1908,1080,2.8666666666666667
48,ring,KrishnarajRing1.mp4,89,29.782487451199106,848,480,2.9883333333333333
48,ring,KrishnarajRing2.mp4,85,30.124040165386887,848,480,2.8216666666666668
48,ring,KrishnarajRing3.mp4,75,30.040053404539385,848,480,2.4966666666666666
48,ring,RING 1.mp4,73,29.991783073130648,1278,720,2.434
48,ring,RING 2.mp4,69,30.013049151805134,1278,720,2.299
48,ring,RING 3.mp4,76,29.99210734017364,1278,720,2.534
48,ring,Ring 3(1).mp4,74,30.0,1280,720,2.466666666666667
48,ring,Ring-1.mp4,113,30.0,1280,720,3.7666666666666666
48,ring,Ring-2.mp4,90,30.0,1280,720,3.0
48,ring,Ring-3.mp4,88,30.0,1280,720,2.933333333333333
48,ring,Ring1.mp4,71,30.0,1280,720,2.3666666666666667
48,ring,Ring2.mp4,91,30.0,1280,720,3.033333333333333
48,ring,manideepring-1.mp4,56,30.0,848,478,1.8666666666666667
48,ring,manideepring-2.mp4,64,30.0,848,478,2.1333333333333333
48,ring,manideepring-3.mp4,74,30.0,848,478,2.466666666666667
50,power,KrishnarajPower1.mp4,89,29.983155530600786,848,480,2.9683333333333333
50,power,KrishnarajPower2.mp4,81,29.963008631319358,848,480,2.7033333333333336
50,power,KrishnarajPower3.mp4,62,29.712460063897762,848,480,2.086666666666667
50,power,POWER 1.mp4,47,30.01277139208174,1278,720,1.5659999999999998
50,power,POWER 2.mp4,67,29.991047448522828,1278,720,2.234
50,power,POWER 3.mp4,65,30.009233610341642,1278,720,2.166
50,power,Power -1.mp4,90,30.0,1280,720,3.0
50,power,Power -2.mp4,102,30.0,1280,720,3.4
50,power,Power -3.mp4,255,30.01176932130247,1280,720,8.496666666666668
50,power,Power 1(1).mp4,89,30.0,1280,720,2.966666666666667
50,power,Power 2(1).mp4,89,30.0,1280,720,2.966666666666667
50,power,Power 3(1).mp4,64,30.0,1280,720,2.1333333333333333
50,power,manideeppower-1.mp4,69,30.0,848,478,2.3
50,power,manideeppower-2.mp4,65,30.0,848,478,2.1666666666666665
50,power,manideeppower-3.mp4,57,30.0,848,478,1.9
